F_Code,Text
F00,"Demenz bei Alzheimer-KrankheitG30.- Die Alzheimer-Krankheit ist eine primär degenerative zerebrale Krankheit mit unbekannter Ätiologie und charakteristischen neuropathologischen und neurochemischen Merkmalen. Sie beginnt meist schleichend und entwickelt sich langsam aber stetig über einen Zeitraum von mehreren Jahren. Soll das Vorliegen von psychischen oder Verhaltensstörungen spezifisch angegeben werden, so sind sekundäre SchlüsselnummernU63.- zu benutzen. Demenz bei Alzheimer-Krankheit, mit frühem Beginn (Typ 2)G30.0 Demenz bei Alzheimer-Krankheit mit Beginn vor dem 65. Lebensjahr. Der Verlauf weist eine vergleichsweise rasche Verschlechterung auf, es bestehen deutliche und vielfältige Störungen der höheren kortikalen Funktionen. Alzheimer-Krankheit, Typ 2 Präsenile Demenz vom Alzheimer-Typ Primär degenerative Demenz vom Alzheimer-Typ, präseniler Beginn Demenz bei Alzheimer-Krankheit, mit spätem Beginn (Typ 1)G30.1 Demenz bei Alzheimer-Krankheit mit Beginn ab dem 65. Lebensjahr, meist in den späten 70er Jahren oder danach, mit langsamer Progredienz und mit Gedächtnisstörungen als Hauptmerkmal. Alzheimer-Krankheit, Typ 1 Primär degenerative Demenz vom Alzheimer-Typ, seniler Beginn Senile Demenz vom Alzheimer-Typ (SDAT) Demenz bei Alzheimer-Krankheit, atypische oder gemischte FormG30.8 Atypische Demenz vom Alzheimer-Typ Demenz bei Alzheimer-Krankheit, nicht näher bezeichnetG30.9"
F01,"Vaskuläre Demenz Die vaskuläre Demenz ist das Ergebnis einer Infarzierung des Gehirns als Folge einer vaskulären Krankheit, einschließlich der zerebrovaskulären Hypertonie. Die Infarkte sind meist klein, kumulieren aber in ihrer Wirkung. Der Beginn liegt gewöhnlich im späteren Lebensalter. Arteriosklerotische Demenz Soll das Vorliegen von psychischen oder Verhaltensstörungen spezifisch angegeben werden, so sind sekundäre SchlüsselnummernU63.- zu benutzen. Vaskuläre Demenz mit akutem Beginn Diese entwickelt sich meist sehr schnell nach einer Reihe von Schlaganfällen als Folge von zerebrovaskulärer Thrombose, Embolie oder Blutung. In seltenen Fällen kann eine einzige massive Infarzierung die Ursache sein. Multiinfarkt-Demenz Sie beginnt allmählich, nach mehreren vorübergehenden ischämischen Episoden (TIA), die eine Anhäufung von Infarkten im Hirngewebe verursachen. Vorwiegend kortikale Demenz Subkortikale vaskuläre Demenz Hierzu zählen Fälle mit Hypertonie in der Anamnese und ischämischen Herden im Marklager der Hemisphären. Im Gegensatz zur Demenz bei Alzheimer-Krankheit, an die das klinische Bild erinnert, ist die Hirnrinde gewöhnlich intakt. Gemischte kortikale und subkortikale vaskuläre Demenz Sonstige vaskuläre Demenz Vaskuläre Demenz, nicht näher bezeichnet"
F02,"Demenz bei anderenorts klassifizierten Krankheiten Formen der Demenz, bei denen eine andere Ursache als die Alzheimer-Krankheit oder eine zerebrovaskuläre Krankheit vorliegt oder vermutet wird. Sie kann in jedem Lebensalter auftreten, selten jedoch im höheren Alter. Soll das Vorliegen von psychischen oder Verhaltensstörungen spezifisch angegeben werden, so sind sekundäre SchlüsselnummernU63.- zu benutzen. Demenz bei Pick-KrankheitG31.0 Eine progrediente Demenz mit Beginn im mittleren Lebensalter, charakterisiert durch frühe, langsam fortschreitende Persönlichkeitsänderung und Verlust sozialer Fähigkeiten. Die Krankheit ist gefolgt von Beeinträchtigungen von Intellekt, Gedächtnis und Sprachfunktionen mit Apathie, Euphorie und gelegentlich auch extrapyramidalen Phänomenen. Demenz bei Creutzfeldt-Jakob-KrankheitA81.0 Eine progrediente Demenz mit vielfältigen neurologischen Symptomen als Folge spezifischer neuropathologischer Veränderungen, die vermutlich durch ein übertragbares Agens verursacht werden. Beginn gewöhnlich im mittleren oder höheren Lebensalter, Auftreten jedoch in jedem Erwachsenenalter möglich. Der Verlauf ist subakut und führt innerhalb von ein bis zwei Jahren zum Tode. Demenz bei Chorea HuntingtonG10 Eine Demenz, die im Rahmen einer ausgeprägten Hirndegeneration auftritt. Die Störung ist autosomal dominant erblich. Die Symptomatik beginnt typischerweise im dritten und vierten Lebensjahrzehnt. Bei langsamer Progredienz führt die Krankheit meist innerhalb von 10 - 15 Jahren zum Tode. Demenz bei Huntington-Krankheit Demenz bei primärem Parkinson-SyndromG20.- Eine Demenz, die sich im Verlauf einer Parkinson-Krankheit entwickelt. Bisher konnten allerdings noch keine charakteristischen klinischen Merkmale beschrieben werden. Demenz bei: Paralysis agitans Demenz bei: Parkinsonismus oder Parkinson-Krankheit Demenz bei HIV-Krankheit [Humane Immundefizienz-Viruskrankheit]B22 Eine Demenz, die sich im Verlauf einer HIV-Krankheit entwickelt, ohne gleichzeitige andere Krankheit oder Störung, die das klinische Bild erklären könnte. Demenz bei anderenorts klassifizierten Krankheitsbildern Demenz (bei): EpilepsieG40.- Demenz (bei): hepatolentikulärer Degeneration [M. Wilson]E83.0 Demenz (bei): HyperkalziämieE83.5- Demenz (bei): Hypothyreose, erworbenE01.-E03.- Demenz (bei): IntoxikationenT36-T65 Demenz (bei): Lewy-Körper-KrankheitG31.82 Demenz (bei): Multipler SkleroseG35.- Demenz (bei): NeurosyphilisA52.1 Demenz (bei): Niazin-Mangel [Pellagra]E52 Demenz (bei): Panarteriitis nodosaM30.0 Demenz (bei): systemischem Lupus erythematodesM32.- Demenz (bei): TrypanosomiasisB56.-B57.- Demenz (bei): UrämieN18.- Demenz (bei): Vitamin-B12-Mangel E53.8 Demenz (bei): zerebraler LipidstoffwechselstörungE75.-"
F03,"Nicht näher bezeichnete Demenz Präsenil: Demenz o.n.A. Präsenil: Psychose o.n.A. Primäre degenerative Demenz o.n.A. Senil: Demenz: depressiver oder paranoider Typus Senil: Demenz: o.n.A. Senil: Psychose o.n.A. Soll das Vorliegen eines die Demenz überlagernden Delirs oder akuten Verwirrtheitszustandes angegeben werden, ist eine zusätzliche Schlüsselnummer zu verwenden. Soll das Vorliegen von psychischen oder Verhaltensstörungen spezifisch angegeben werden, so sind sekundäre SchlüsselnummernU63.- zu benutzen."
F04,"Organisches amnestisches Syndrom, nicht durch Alkohol oder andere psychotrope Substanzen bedingt Ein Syndrom mit deutlichen Beeinträchtigungen des Kurz- und Langzeitgedächtnisses, bei erhaltenem Immediatgedächtnis. Es finden sich eine eingeschränkte Fähigkeit, neues Material zu erlernen und zeitliche Desorientierung. Konfabulation kann ein deutliches Merkmal sein, aber Wahrnehmung und andere kognitive Funktionen, einschließlich Intelligenz, sind gewöhnlich intakt. Die Prognose ist abhängig vom Verlauf der zugrunde liegenden Läsion. Korsakow-Psychose oder -Syndrom, nicht alkoholbedingt"
F05,"Delir, nicht durch Alkohol oder andere psychotrope Substanzen bedingt Ein ätiologisch unspezifisches hirnorganisches Syndrom, das charakterisiert ist durch gleichzeitig bestehende Störungen des Bewusstseins einerseits und mindestens zwei der nachfolgend genannten Störungen andererseits: Störungen der Aufmerksamkeit, der Wahrnehmung, des Denkens, des Gedächtnisses, der Psychomotorik, der Emotionalität oder des Schlaf-Wach-Rhythmus. Die Dauer ist sehr unterschiedlich und der Schweregrad reicht von leicht bis zu sehr schwer. Akut oder subakut: exogener Reaktionstyp Akut oder subakut: hirnorganisches Syndrom Akut oder subakut: psychoorganisches Syndrom Akut oder subakut: Psychose bei Infektionskrankheit Akut oder subakut: Verwirrtheitszustand (nicht alkoholbedingt) Delir ohne Demenz Delir bei Demenz Soll die Art der Demenz angegeben werden, ist eine zusätzliche Schlüsselnummer zu verwenden. Sonstige Formen des Delirs Delir mit gemischter Ätiologie Postoperatives Delir Delir, nicht näher bezeichnet"
F06,"Andere psychische Störungen aufgrund einer Schädigung oder Funktionsstörung des Gehirns oder einer körperlichen Krankheit Diese Kategorie umfasst verschiedene Krankheitsbilder, die ursächlich mit einer Hirnfunktionsstörung in Zusammenhang stehen als Folge von primär zerebralen Krankheiten, systemischen Krankheiten, die sekundär das Gehirn betreffen, exogenen toxischen Substanzen oder Hormonen, endokrinen Störungen oder anderen körperlichen Krankheiten. Organische Halluzinose Eine Störung mit ständigen oder immer wieder auftretenden, meist optischen oder akustischen Halluzinationen bei klarer Bewusstseinslage. Sie können vom Patienten als Halluzinationen erkannt werden. Die Halluzinationen können wahnhaft verarbeitet werden, Wahn dominiert aber nicht das klinische Bild. Die Krankheitseinsicht kann erhalten bleiben. Organisch bedingtes halluzinatorisches Zustandsbild (nicht alkoholbedingt) Organische katatone Störung Eine Störung mit verminderter (Stupor) oder gesteigerter (Erregung) psychomotorischer Aktivität in Verbindung mit katatonen Symptomen. Das Erscheinungsbild kann zwischen den beiden Extremen der psychomotorischen Störung wechseln. Organische wahnhafte [schizophreniforme] Störung Eine Störung, bei der anhaltende oder immer wieder auftretende Wahnideen das klinische Bild bestimmen. Die Wahnideen können von Halluzinationen begleitet werden. Einige Merkmale, die auf Schizophrenie hinweisen, wie bizarre Halluzinationen oder Denkstörungen, können vorliegen. Paranoide und paranoid-halluzinatorische organisch bedingte Zustandsbilder Schizophreniforme Psychose bei Epilepsie Organische affektive Störungen Störungen, die durch eine Veränderung der Stimmung oder des Affektes charakterisiert sind, meist zusammen mit einer Veränderung der gesamten Aktivitätslage. Depressive, hypomanische, manische oder bipolare Zustandsbilder (F30-F38) sind möglich, entstehen jedoch als Folge einer organischen Störung. Organische Angststörung Eine Störung, charakterisiert durch die wesentlichen deskriptiven Merkmale einer generalisierten Angststörung (F41.1), einer Panikstörung (F41.0) oder einer Kombination von beiden, jedoch als Folge einer organischen Störung. Organische dissoziative Störung Eine Störung, charakterisiert durch den teilweisen oder völligen Verlust der normalen Integration von Erinnerungen an die Vergangenheit, des Identitätsbewusstseins und der unmittelbaren Wahrnehmungen sowie der Kontrolle von Körperbewegungen (F44.-), jedoch als Folge einer organischen Störung. Organische emotional labile [asthenische] Störung Eine Störung, charakterisiert durch Affektdurchlässigkeit oder -labilität, Ermüdbarkeit sowie eine Vielzahl körperlicher Missempfindungen (z.B. Schwindel) und Schmerzen, jedoch als Folge einer organischen Störung. Leichte kognitive Störung Eine Störung, die charakterisiert ist durch Gedächtnisstörungen, Lernschwierigkeiten und die verminderte Fähigkeit, sich längere Zeit auf eine Aufgabe zu konzentrieren. Oft besteht ein Gefühl geistiger Ermüdung bei dem Versuch, Aufgaben zu lösen. Objektiv erfolgreiches Lernen wird subjektiv als schwierig empfunden. Keines dieser Symptome ist so schwerwiegend, dass die Diagnose einer Demenz (F00-F03) oder eines Delirs (F05.-) gestellt werden kann. Die Diagnose sollte nur in Verbindung mit einer körperlichen Krankheit gestellt und bei Vorliegen einer anderen psychischen oder Verhaltensstörung aus dem Abschnitt F10-F99 nicht verwandt werden. Diese Störung kann vor, während oder nach einer Vielzahl von zerebralen oder systemischen Infektionen oder anderen körperlichen Krankheiten auftreten. Der direkte Nachweis einer zerebralen Beteiligung ist aber nicht notwendig. Die Störung wird vom postenzephalitischen (F07.1) und vom postkontusionellen Syndrom (F07.2) durch ihre andere Ätiologie, die wenig variablen, insgesamt leichteren Symptome und die zumeist kürzere Dauer unterschieden. Sonstige näher bezeichnete organische psychische Störungen aufgrund einer Schädigung oder Funktionsstörung des Gehirns oder einer körperlichen Krankheit Epileptische Psychose o.n.A. Nicht näher bezeichnete organische psychische Störung aufgrund einer Schädigung oder Funktionsstörung des Gehirns oder einer körperlichen Krankheit Hirnorganisches Syndrom o.n.A. Organische psychische Störung o.n.A."
F07,"Persönlichkeits- und Verhaltensstörung aufgrund einer Krankheit, Schädigung oder Funktionsstörung des Gehirns Eine Veränderung der Persönlichkeit oder des Verhaltens kann Rest- oder Begleiterscheinung einer Krankheit, Schädigung oder Funktionsstörung des Gehirns sein. Organische Persönlichkeitsstörung Diese Störung ist charakterisiert durch eine auffällige Veränderung des gewohnten prämorbiden Verhaltensmusters und betrifft die Äußerung von Affekten, Bedürfnissen und Impulsen. Eine Beeinträchtigung der kognitiven Fähigkeiten, des Denkvermögens und ein verändertes Sexualverhalten können ebenfalls Teil des klinischen Bildes sein. Frontalhirnsyndrom Leukotomiesyndrom Lobotomiesyndrom Organisch: Pseudopsychopathie Organisch: pseudoretardierte Persönlichkeit Persönlichkeitsstörung bei limbischer Epilepsie Postenzephalitisches Syndrom Anhaltende unspezifische und uneinheitliche Verhaltensänderung nach einer viralen oder bakteriellen Enzephalitis. Das Syndrom ist reversibel; dies stellt den Hauptunterschied zu den organisch bedingten Persönlichkeitsstörungen dar. Organisches Psychosyndrom nach Schädelhirntrauma Postkontusionelles Syndrom (Enzephalopathie) Posttraumatisches (organisches) Psychosyndrom, nicht psychotisch Das Syndrom folgt einem Schädeltrauma, das meist schwer genug ist, um zur Bewusstlosigkeit zu führen. Es besteht aus einer Reihe verschiedenartiger Symptome, wie Kopfschmerzen, Schwindel, Erschöpfung, Reizbarkeit, Schwierigkeiten bei Konzentration und geistigen Leistungen, Gedächtnisstörungen, Schlafstörungen und verminderter Belastungsfähigkeit für Stress, emotionale Reize oder Alkohol. Sonstige organische Persönlichkeits- und Verhaltensstörungen aufgrund einer Krankheit, Schädigung oder Funktionsstörung des Gehirns Rechts-hemisphärische organische affektive Störung Nicht näher bezeichnete organische Persönlichkeits- und Verhaltensstörung aufgrund einer Krankheit, Schädigung oder Funktionsstörung des Gehirns Organisches Psychosyndrom"
F09,Nicht näher bezeichnete organische oder symptomatische psychische Störung Psychose: organische o.n.A. Psychose: symptomatische o.n.A.
F10,Psychische und Verhaltensstörungen durch Alkohol
F11,"Psychische und Verhaltensstörungen durch Opioide Benutze im Geltungsbereich des § 17d KHG (eine) zusätzliche Schlüsselnummer(n) aus U69.3-!, um einen intravenösen (U69.30!) oder nichtintravenösen (U69.31!) Heroinkonsum oder einen intravenösen Konsum sonstiger Opioide (U69.32!) anzugeben."
F12,"Psychische und Verhaltensstörungen durch Cannabinoide Benutze im Geltungsbereich des § 17d KHG eine zusätzliche Schlüsselnummer (U69.32!), um einen intravenösen Konsum anzugeben."
F13,"Psychische und Verhaltensstörungen durch Sedativa oder Hypnotika Benutze im Geltungsbereich des § 17d KHG eine zusätzliche Schlüsselnummer (U69.32!), um einen intravenösen Konsum anzugeben."
F14,"Psychische und Verhaltensstörungen durch Kokain Benutze im Geltungsbereich des § 17d KHG eine zusätzliche Schlüsselnummer (U69.32!), um einen intravenösen Konsum anzugeben."
F15,"Psychische und Verhaltensstörungen durch andere Stimulanzien, einschließlich Koffein Benutze im Geltungsbereich des § 17d KHG (eine) zusätzliche Schlüsselnummer(n) aus U69.3-!, um einen intravenösen (U69.33!) oder nichtintravenösen (U69.34!) Konsum (Meth-)Amphetamin-haltiger Stoffe oder einen intravenösen (U69.35!) oder nichtintravenösen (U69.36!) Konsum sonstiger Stimulanzien außer Koffein anzugeben."
F16,"Psychische und Verhaltensstörungen durch Halluzinogene Benutze im Geltungsbereich des § 17d KHG eine zusätzliche Schlüsselnummer (U69.32!), um einen intravenösen Konsum anzugeben."
F17,Psychische und Verhaltensstörungen durch Tabak
F18,Psychische und Verhaltensstörungen durch flüchtige Lösungsmittel
F19,"Psychische und Verhaltensstörungen durch multiplen Substanzgebrauch und Konsum anderer psychotroper Substanzen Diese Kategorie ist beim Konsum von zwei oder mehr psychotropen Substanzen zu verwenden, wenn nicht entschieden werden kann, welche Substanz die Störung ausgelöst hat. Diese Kategorie ist außerdem zu verwenden, wenn eine oder mehrere der konsumierten Substanzen nicht sicher zu identifizieren oder unbekannt sind, da viele Konsumenten oft selbst nicht genau wissen, was sie einnehmen. Missbrauch von Substanzen o.n.A. Benutze im Geltungsbereich des § 17d KHG (eine) zusätzliche Schlüsselnummer(n) aus U69.3-!, um einen intravenösen (U69.30!) oder nichtintravenösen (U69.31!) Heroinkonsum oder einen intravenösen Konsum sonstiger psychotroper Substanzen (U69.32!) oder einen intravenösen (U69.33!) oder nichtintravenösen (U69.34!) Konsum (Meth-)Amphetamin-haltiger Stoffe oder einen intravenösen (U69.35!) oder nichtintravenösen (U69.36!) Konsum sonstiger Stimulanzien außer Koffein anzugeben."
F20,"Schizophrenie Die schizophrenen Störungen sind im Allgemeinen durch grundlegende und charakteristische Störungen von Denken und Wahrnehmung sowie inadäquate oder verflachte Affekte gekennzeichnet. Die Bewusstseinsklarheit und intellektuellen Fähigkeiten sind in der Regel nicht beeinträchtigt, obwohl sich im Laufe der Zeit gewisse kognitive Defizite entwickeln können. Die wichtigsten psychopathologischen Phänomene sind Gedankenlautwerden, Gedankeneingebung oder Gedankenentzug, Gedankenausbreitung, Wahnwahrnehmung, Kontrollwahn, Beeinflussungswahn oder das Gefühl des Gemachten, Stimmen, die in der dritten Person den Patienten kommentieren oder über ihn sprechen, Denkstörungen und Negativsymptome. Der Verlauf der schizophrenen Störungen kann entweder kontinuierlich episodisch mit zunehmenden oder stabilen Defiziten sein, oder es können eine oder mehrere Episoden mit vollständiger oder unvollständiger Remission auftreten. Die Diagnose Schizophrenie soll bei ausgeprägten depressiven oder manischen Symptomen nicht gestellt werden, es sei denn, schizophrene Symptome wären der affektiven Störung vorausgegangen. Ebenso wenig ist eine Schizophrenie bei eindeutiger Gehirnerkrankung, während einer Intoxikation oder während eines Entzugssyndroms zu diagnostizieren. Ähnliche Störungen bei Epilepsie oder anderen Hirnerkrankungen sollen unter F06.2 kodiert werden, die durch psychotrope Substanzen bedingten psychotischen Störungen unter F10-F19, vierte Stelle .5. Paranoide Schizophrenie Die paranoide Schizophrenie ist durch beständige, häufig paranoide Wahnvorstellungen gekennzeichnet, meist begleitet von akustischen Halluzinationen und Wahrnehmungsstörungen. Störungen der Stimmung, des Antriebs und der Sprache, katatone Symptome fehlen entweder oder sind wenig auffallend. Paraphrene Schizophrenie Hebephrene Schizophrenie Eine Form der Schizophrenie, bei der die affektiven Veränderungen im Vordergrund stehen, Wahnvorstellungen und Halluzinationen flüchtig und bruchstückhaft auftreten, das Verhalten verantwortungslos und unvorhersehbar ist und Manierismen häufig sind. Die Stimmung ist flach und unangemessen. Das Denken ist desorganisiert, die Sprache zerfahren. Der Kranke neigt dazu, sich sozial zu isolieren. Wegen der schnellen Entwicklung der Minussymptomatik, besonders von Affektverflachung und Antriebsverlust, ist die Prognose zumeist schlecht. Eine Hebephrenie soll in aller Regel nur bei Jugendlichen oder jungen Erwachsenen diagnostiziert werden. Desintegrative Schizophrenie Hebephrenie Katatone Schizophrenie Die katatone Schizophrenie ist gekennzeichnet von den im Vordergrund stehenden psychomotorischen Störungen, die zwischen Extremen wie Erregung und Stupor sowie Befehlsautomatismus und Negativismus alternieren können. Zwangshaltungen und -stellungen können lange Zeit beibehalten werden. Episodenhafte schwere Erregungszustände können ein Charakteristikum dieses Krankheitsbildes sein. Die katatonen Phänomene können mit einem traumähnlichen (oneiroiden) Zustand mit lebhaften szenischen Halluzinationen verbunden sein. Katatoner Stupor Schizophren: Flexibilitas cerea Schizophren: Katalepsie Schizophren: Katatonie Undifferenzierte Schizophrenie Diese Kategorie soll für psychotische Zustandsbilder verwendet werden, welche die allgemeinen diagnostischen Kriterien der Schizophrenie (F20) erfüllen, ohne einer der Unterformen von F20.0-F20.2 zu entsprechen, oder die Merkmale von mehr als einer aufweisen, ohne dass bestimmte diagnostische Charakteristika eindeutig überwiegen. Atypische Schizophrenie Postschizophrene Depression Eine unter Umständen länger anhaltende depressive Episode, die im Anschluss an eine schizophrene Krankheit auftritt. Einige ""positive"" oder ""negative"" schizophrene Symptome müssen noch vorhanden sein, beherrschen aber das klinische Bild nicht mehr. Diese depressiven Zustände sind mit einem erhöhten Suizidrisiko verbunden. Wenn der Patient keine schizophrenen Symptome mehr aufweist, sollte eine depressive Episode diagnostiziert werden (F32.-). Wenn floride schizophrene Symptome noch im Vordergrund stehen, sollte die entsprechende schizophrene Unterform (F20.0-F20.3) diagnostiziert werden. Schizophrenes Residuum Ein chronisches Stadium in der Entwicklung einer schizophrenen Krankheit, bei welchem eine eindeutige Verschlechterung von einem frühen zu einem späteren Stadium vorliegt und das durch langandauernde, jedoch nicht unbedingt irreversible ""negative"" Symptome charakterisiert ist. Hierzu gehören psychomotorische Verlangsamung, verminderte Aktivität, Affektverflachung, Passivität und Initiativemangel, qualitative und quantitative Sprachverarmung, geringe nonverbale Kommunikation durch Gesichtsausdruck, Blickkontakt, Modulation der Stimme und Körperhaltung, Vernachlässigung der Körperpflege und nachlassende soziale Leistungsfähigkeit. Chronische undifferenzierte Schizophrenie Restzustand Schizophrener Residualzustand Schizophrenia simplex Eine Störung mit schleichender Progredienz von merkwürdigem Verhalten, mit einer Einschränkung, gesellschaftliche Anforderungen zu erfüllen und mit Verschlechterung der allgemeinen Leistungsfähigkeit. Die charakteristische Negativsymptomatik des schizophrenen Residuums (Affektverflachung und Antriebsminderung) entwickelt sich ohne vorhergehende produktive psychotische Symptome. Sonstige Schizophrenie Schizophreniform: Psychose o.n.A. Schizophreniform: Störung o.n.A. Zönästhetische (zönästhopathische) Schizophrenie Schizophrenie, nicht näher bezeichnet"
F21,"Schizotype Störung Eine Störung mit exzentrischem Verhalten und Anomalien des Denkens und der Stimmung, die schizophren wirken, obwohl nie eindeutige und charakteristische schizophrene Symptome aufgetreten sind. Es kommen vor: ein kalter Affekt, Anhedonie und seltsames und exzentrisches Verhalten, Tendenz zu sozialem Rückzug, paranoische oder bizarre Ideen, die aber nicht bis zu eigentlichen Wahnvorstellungen gehen, zwanghaftes Grübeln, Denk- und Wahrnehmungsstörungen, gelegentlich vorübergehende, quasipsychotische Episoden mit intensiven Illusionen, akustischen oder anderen Halluzinationen und wahnähnlichen Ideen, meist ohne äußere Veranlassung. Es lässt sich kein klarer Beginn feststellen; Entwicklung und Verlauf entsprechen gewöhnlich einer Persönlichkeitsstörung. Latente schizophrene Reaktion Schizophrenie: Borderline Schizophrenie: latent Schizophrenie: präpsychotisch Schizophrenie: prodromal Schizophrenie: pseudoneurotisch Schizophrenie: pseudopsychopathisch Schizotype Persönlichkeitsstörung"
F22,"Anhaltende wahnhafte Störungen Diese Gruppe enthält eine Reihe von Störungen, bei denen ein langandauernder Wahn das einzige oder das am meisten ins Auge fallende klinische Charakteristikum darstellt, und die nicht als organisch, schizophren oder affektiv klassifiziert werden können. Wahnhafte Störungen, die nur wenige Monate angedauert haben, sollten wenigstens vorläufig unter F23.- kodiert werden. Wahnhafte Störung Eine Störung charakterisiert durch die Entwicklung eines einzelnen Wahns oder mehrerer aufeinander bezogener Wahninhalte, die im Allgemeinen lange, manchmal lebenslang, andauern. Der Inhalt des Wahns oder des Wahnsystems ist sehr unterschiedlich. Eindeutige und anhaltende akustische Halluzinationen (Stimmen), schizophrene Symptome wie Kontrollwahn oder Affektverflachung und eine eindeutige Gehirnerkrankung sind nicht mit der Diagnose vereinbar. Gelegentliche oder vorübergehende akustische Halluzinationen schließen besonders bei älteren Patienten die Diagnose jedoch nicht aus, solange diese Symptome nicht typisch schizophren erscheinen und nur einen kleinen Teil des klinischen Bildes ausmachen. Paranoia Paranoid: Psychose Paranoid: Zustand Sensitiver Beziehungswahn Späte Paraphrenie Sonstige anhaltende wahnhafte Störungen Hierbei handelt es sich um Störungen, bei denen ein Wahn oder Wahnsysteme von anhaltenden Stimmen oder von schizophrenen Symptomen begleitet werden, die aber nicht die Diagnose Schizophrenie (F20.-) erfüllen. Paranoides Zustandsbild im Involutionsalter Querulantenwahn (Paranoia querulans) Wahnhafte Dysmorphophobie Anhaltende wahnhafte Störung, nicht näher bezeichnet"
F23,"Akute vorübergehende psychotische Störungen Eine heterogene Gruppe von Störungen, die durch den akuten Beginn der psychotischen Symptome, wie Wahnvorstellungen, Halluzinationen und andere Wahrnehmungsstörungen, und durch eine schwere Störung des normalen Verhaltens charakterisiert sind. Der akute Beginn wird als Crescendo-Entwicklung eines eindeutig abnormen klinischen Bildes innerhalb von 2 Wochen oder weniger definiert. Bei diesen Störungen gibt es keine Hinweise für eine organische Verursachung. Ratlosigkeit und Verwirrtheit kommen häufig vor, die zeitliche, örtliche und personale Desorientiertheit ist jedoch nicht andauernd oder schwer genug, um die Kriterien für ein organisch verursachtes Delir (F05.-) zu erfüllen. Eine vollständige Besserung erfolgt in der Regel innerhalb weniger Monate, oft bereits nach wenigen Wochen oder nur Tagen. Wenn die Störung weiter besteht, wird eine Änderung der Kodierung notwendig. Die Störung kann im Zusammenhang mit einer akuten Belastung stehen, definiert als belastendes Ereignis ein oder zwei Wochen vor Beginn der Störung. Akute polymorphe psychotische Störung ohne Symptome einer Schizophrenie Eine akute psychotische Störung, bei der Halluzinationen, Wahnphänomene und Wahrnehmungsstörungen vorhanden, aber sehr unterschiedlich ausgeprägt sind und von Tag zu Tag oder sogar von Stunde zu Stunde zu wechseln. Häufig findet sich auch emotionales Aufgewühltsein mit intensiven vorübergehenden Glücksgefühlen und Ekstase oder Angst und Reizbarkeit. Die Vielgestaltigkeit und Unbeständigkeit sind für das gesamte klinische Bild charakteristisch; die psychotischen Merkmale erfüllen nicht die Kriterien für Schizophrenie (F20.-). Diese Störungen beginnen abrupt, entwickeln sich rasch innerhalb weniger Tage und zeigen häufig eine schnelle und anhaltende Rückbildung der Symptome ohne Rückfall. Wenn die Symptome andauern, sollte die Diagnose in anhaltende wahnhafte Störung (F22.-) geändert werden. Bouffée délirante ohne Symptome einer Schizophrenie oder nicht näher bezeichnet Zykloide Psychose ohne Symptome einer Schizophrenie oder nicht näher bezeichnet Akute polymorphe psychotische Störung mit Symptomen einer Schizophrenie Eine akute psychotische Störung mit vielgestaltigem und unbeständigem klinischem Bild, wie unter F23.0 beschrieben; trotz dieser Unbeständigkeit aber sind in der überwiegenden Zeit auch einige für die Schizophrenie typische Symptome vorhanden. Wenn die schizophrenen Symptome andauern, ist die Diagnose in Schizophrenie (F20.-) zu ändern. Bouffée délirante mit Symptomen einer Schizophrenie Zykloide Psychose mit Symptomen einer Schizophrenie Akute schizophreniforme psychotische Störung Eine akute psychotische Störung, bei der die psychotischen Symptome vergleichsweise stabil sind und die Kriterien für Schizophrenie (F20.-) erfüllen, aber weniger als einen Monat bestanden haben. Die polymorphen, unbeständigen Merkmale, die unter F23.0 beschrieben wurden, fehlen. Wenn die schizophrenen Symptome andauern, ist die Diagnose in Schizophrenie (F20.-) zu ändern. Akute (undifferenzierte) Schizophrenie Kurze schizophreniforme: Psychose Kurze schizophreniforme: Störung Oneirophrenie Schizophrene Reaktion Sonstige akute vorwiegend wahnhafte psychotische Störungen Es handelt sich um eine akute psychotische Störung, bei der verhältnismäßig stabile Wahnphänomene oder Halluzinationen die hauptsächlichen klinischen Merkmale darstellen, aber nicht die Kriterien für eine Schizophrenie erfüllen (F20.-). Wenn die Wahnphänomene andauern, ist die Diagnose in anhaltende wahnhafte Störung (F22.-) zu ändern. Paranoide Reaktion Psychogene paranoide Psychose Sonstige akute vorübergehende psychotische Störungen Hier sollen alle anderen nicht näher bezeichneten akuten psychotischen Störungen, ohne Anhalt für eine organische Ursache, klassifiziert werden und die nicht die Kriterien für F23.0-F23.3 erfüllen. Akute vorübergehende psychotische Störung, nicht näher bezeichnet Kurze reaktive Psychose o.n.A. Reaktive Psychose"
F24,"Induzierte wahnhafte Störung Es handelt sich um eine wahnhafte Störung, die von zwei Personen mit einer engen emotionalen Bindung geteilt wird. Nur eine von beiden leidet unter einer echten psychotischen Störung; die Wahnvorstellungen bei der anderen Person sind induziert und werden bei der Trennung des Paares meist aufgegeben. Folie à deux Induziert: paranoide Störung Induziert: psychotische Störung"
F25,"Schizoaffektive Störungen Episodische Störungen, bei denen sowohl affektive als auch schizophrene Symptome auftreten, aber die weder die Kriterien für Schizophrenie noch für eine depressive oder manische Episode erfüllen. Andere Zustandsbilder, bei denen affektive Symptome eine vorher bestehende Schizophrenie überlagern, oder bei denen sie mit anderen anhaltenden Wahnkrankheiten gemeinsam auftreten oder alternieren, sind unter F20-F29 zu kodieren. Parathyme psychotische Symptome bei affektiven Störungen rechtfertigen die Diagnose einer schizoaffektiven Störung nicht. Schizoaffektive Störung, gegenwärtig manisch Eine Störung, bei der sowohl schizophrene als auch manische Symptome vorliegen und deshalb weder die Diagnose einer Schizophrenie noch einer manischen Episode gerechtfertigt ist. Diese Kategorie ist sowohl für einzelne Episoden als auch für rezidivierende Störungen zu verwenden, bei denen die Mehrzahl der Episoden schizomanisch ist. Schizoaffektive Psychose, manischer Typ Schizophreniforme Psychose, manischer Typ Schizoaffektive Störung, gegenwärtig depressiv Eine Störung, bei der sowohl schizophrene als auch depressive Symptome vorliegen und deshalb weder die Diagnose einer Schizophrenie noch einer depressiven Episode gerechtfertigt ist. Diese Kategorie ist sowohl für einzelne Episoden als auch für rezidivierende Störungen zu verwenden, bei denen die Mehrzahl der Episoden schizodepressiv ist. Schizoaffektive Psychose, depressiver Typ Schizophreniforme Psychose, depressiver Typ Gemischte schizoaffektive Störung Gemischte schizophrene und affektive Psychose Zyklische Schizophrenie Sonstige schizoaffektive Störungen Schizoaffektive Störung, nicht näher bezeichnet Schizoaffektive Psychose o.n.A."
F28,"Sonstige nichtorganische psychotische Störungen Hier sind wahnhafte oder halluzinatorische Störungen zu kodieren, die nicht die Kriterien für Schizophrenie (F20.-), für anhaltende wahnhafte Störungen (F22.-), für akute vorübergehende psychotische Störungen (F23.-), für psychotische Formen der manischen Episode (F30.2) oder für eine schwere depressive Episode (F32.3) erfüllen. Chronisch halluzinatorische Psychose"
F29,Nicht näher bezeichnete nichtorganische Psychose Psychose o.n.A.
F30,"Manische Episode Alle Untergruppen dieser Kategorie dürfen nur für eine einzelne Episode verwendet werden. Hypomanische oder manische Episoden bei Betroffenen, die früher eine oder mehrere affektive (depressive, hypomanische, manische oder gemischte) Episoden hatten, sind unter bipolarer affektiver Störung (F31.-) zu klassifizieren. Bipolare Störung, einzelne manische Episode Hypomanie Eine Störung, charakterisiert durch eine anhaltende, leicht gehobene Stimmung, gesteigerten Antrieb und Aktivität und in der Regel auch ein auffallendes Gefühl von Wohlbefinden und körperlicher und seelischer Leistungsfähigkeit. Gesteigerte Geselligkeit, Gesprächigkeit, übermäßige Vertraulichkeit, gesteigerte Libido und vermindertes Schlafbedürfnis sind häufig vorhanden, aber nicht in dem Ausmaß, dass sie zu einem Abbruch der Berufstätigkeit oder zu sozialer Ablehnung führen. Reizbarkeit, Selbstüberschätzung und flegelhaftes Verhalten können an die Stelle der häufigen euphorischen Geselligkeit treten. Die Störungen der Stimmung und des Verhaltens werden nicht von Halluzinationen oder Wahn begleitet. Manie ohne psychotische Symptome Die Stimmung ist situationsinadäquat gehoben und kann zwischen sorgloser Heiterkeit und fast unkontrollierbarer Erregung schwanken. Die gehobene Stimmung ist mit vermehrtem Antrieb verbunden, dies führt zu Überaktivität, Rededrang und vermindertem Schlafbedürfnis. Die Aufmerksamkeit kann nicht mehr aufrechterhalten werden, es kommt oft zu starker Ablenkbarkeit. Die Selbsteinschätzung ist mit Größenideen oder übertriebenem Optimismus häufig weit überhöht. Der Verlust normaler sozialer Hemmungen kann zu einem leichtsinnigen, rücksichtslosen oder in Bezug auf die Umstände unpassenden und persönlichkeitsfremden Verhalten führen. Manie mit psychotischen Symptomen Zusätzlich zu dem unter F30.1 beschriebenen klinischen Bild treten Wahn (zumeist Größenwahn) oder Halluzinationen (zumeist Stimmen, die unmittelbar zum Betroffenen sprechen) auf. Die Erregung, die ausgeprägte körperliche Aktivität und die Ideenflucht können so extrem sein, dass der Betroffene für eine normale Kommunikation unzugänglich wird. Manie mit parathymen psychotischen Symptomen Manie mit synthymen psychotischen Symptomen Manischer Stupor Sonstige manische Episoden Manische Episode, nicht näher bezeichnet Manie o.n.A."
F31,"Bipolare affektive Störung Hierbei handelt es sich um eine Störung, die durch wenigstens zwei Episoden charakterisiert ist, in denen Stimmung und Aktivitätsniveau des Betroffenen deutlich gestört sind. Diese Störung besteht einmal in gehobener Stimmung, vermehrtem Antrieb und Aktivität (Hypomanie oder Manie), dann wieder in einer Stimmungssenkung und vermindertem Antrieb und Aktivität (Depression). Wiederholte hypomanische oder manische Episoden sind ebenfalls als bipolar zu klassifizieren. Manisch-depressiv: Krankheit Manisch-depressiv: Psychose Manisch-depressiv: Reaktion Bipolare affektive Störung, gegenwärtig hypomanische Episode Der betroffene Patient ist gegenwärtig hypomanisch (siehe F30.0) und hatte wenigstens eine weitere affektive Episode (hypomanisch, manisch, depressiv oder gemischt) in der Anamnese. Bipolare affektive Störung, gegenwärtig manische Episode ohne psychotische Symptome Der betroffene Patient ist gegenwärtig manisch, ohne psychotische Symptome (siehe F30.1) und hatte wenigstens eine weitere affektive Episode (hypomanisch, manisch, depressiv oder gemischt) in der Anamnese. Bipolare affektive Störung, gegenwärtig manische Episode mit psychotischen Symptomen Der betroffene Patient ist gegenwärtig manisch, mit psychotischen Symptomen (F30.2) und hatte wenigstens eine weitere affektive Episode (hypomanisch, manisch, depressiv oder gemischt) in der Anamnese. Bipolare affektive Störung, gegenwärtig leichte oder mittelgradige depressive Episode Der betroffene Patient ist gegenwärtig depressiv, wie bei einer leichten oder mittelgradigen depressiven Episode (siehe F32.0 oder F32.1) und hatte wenigstens eine eindeutig diagnostizierte hypomanische, manische oder gemischte Episode in der Anamnese. Bipolare affektive Störung, gegenwärtig schwere depressive Episode ohne psychotische Symptome Der betroffene Patient ist gegenwärtig depressiv, wie bei einer schweren depressiven Episode ohne psychotische Symptome (siehe F32.2) und hatte wenigstens eine eindeutig diagnostizierte hypomanische, manische oder gemischte Episode in der Anamnese. Bipolare affektive Störung, gegenwärtig schwere depressive Episode mit psychotischen Symptomen Der betroffene Patient ist gegenwärtig depressiv, wie bei einer schweren depressiven Episode mit psychotischen Symptomen (siehe F32.3) und hatte wenigstens eine eindeutig diagnostizierte hypomanische, manische oder gemischte Episode in der Anamnese. Bipolare affektive Störung, gegenwärtig gemischte Episode Der betroffene Patient hatte wenigstens eine eindeutig diagnostizierte hypomanische, manische, depressive oder gemischte affektive Episode in der Anamnese und zeigt gegenwärtig entweder eine Kombination oder einen raschen Wechsel von manischen und depressiven Symptomen. Bipolare affektive Störung, gegenwärtig remittiert Der betroffene Patient hatte wenigstens eine eindeutig diagnostizierte hypomanische, manische oder gemischte affektive Episode und wenigstens eine weitere affektive Episode (hypomanisch, manisch, depressiv oder gemischt) in der Anamnese; in den letzten Monaten und gegenwärtig besteht keine deutliche Störung der Stimmung. Auch Remissionen während einer prophylaktischen Behandlung sollen hier kodiert werden. Sonstige bipolare affektive Störungen Bipolar-II-Störung Rezidivierende manische Episoden o.n.A. Bipolare affektive Störung, nicht näher bezeichnet"
F32,"Depressive Episode Bei den typischen leichten (F32.0), mittelgradigen (F32.1) oder schweren (F32.2 und F32.3) Episoden leidet der betroffene Patient unter einer gedrückten Stimmung und einer Verminderung von Antrieb und Aktivität. Die Fähigkeit zu Freude, das Interesse und die Konzentration sind vermindert. Ausgeprägte Müdigkeit kann nach jeder kleinsten Anstrengung auftreten. Der Schlaf ist meist gestört, der Appetit vermindert. Selbstwertgefühl und Selbstvertrauen sind fast immer beeinträchtigt. Sogar bei der leichten Form kommen Schuldgefühle oder Gedanken über eigene Wertlosigkeit vor. Die gedrückte Stimmung verändert sich von Tag zu Tag wenig, reagiert nicht auf Lebensumstände und kann von so genannten ""somatischen"" Symptomen begleitet werden, wie Interessenverlust oder Verlust der Freude, Früherwachen, Morgentief, deutliche psychomotorische Hemmung, Agitiertheit, Appetitverlust, Gewichtsverlust und Libidoverlust. Abhängig von Anzahl und Schwere der Symptome ist eine depressive Episode als leicht, mittelgradig oder schwer zu bezeichnen. Einzelne Episoden von: depressiver Reaktion Einzelne Episoden von: psychogener Depression Einzelne Episoden von: reaktiver Depression (F32.0, F32.1, F32.2) Leichte depressive Episode Gewöhnlich sind mindestens zwei oder drei der oben angegebenen Symptome vorhanden. Der betroffene Patient ist im Allgemeinen davon beeinträchtigt, aber oft in der Lage, die meisten Aktivitäten fortzusetzen. Mittelgradige depressive Episode Gewöhnlich sind vier oder mehr der oben angegebenen Symptome vorhanden, und der betroffene Patient hat meist große Schwierigkeiten, alltägliche Aktivitäten fortzusetzen. Schwere depressive Episode ohne psychotische Symptome Eine depressive Episode mit mehreren oben angegebenen, quälenden Symptomen. Typischerweise bestehen ein Verlust des Selbstwertgefühls und Gefühle von Wertlosigkeit und Schuld. Suizidgedanken und -handlungen sind häufig, und meist liegen einige somatische Symptome vor. Einzelne Episode einer agitierten Depression Einzelne Episode einer majoren Depression [major depression] ohne psychotische Symptome Einzelne Episode einer vitalen Depression ohne psychotische Symptome Schwere depressive Episode mit psychotischen Symptomen Eine schwere depressive Episode, wie unter F32.2 beschrieben, bei der aber Halluzinationen, Wahnideen, psychomotorische Hemmung oder ein Stupor so schwer ausgeprägt sind, dass alltägliche soziale Aktivitäten unmöglich sind und Lebensgefahr durch Suizid und mangelhafte Flüssigkeits- und Nahrungsaufnahme bestehen kann. Halluzinationen und Wahn können, müssen aber nicht, synthym sein. Einzelne Episoden: majore Depression [major depression] mit psychotischen Symptomen Einzelne Episoden: psychogene depressive Psychose Einzelne Episoden: psychotische Depression Einzelne Episoden: reaktive depressive Psychose Sonstige depressive Episoden Atypische Depression Einzelne Episoden der ""larvierten"" Depression o.n.A. Depressive Episode, nicht näher bezeichnet Depression o.n.A. Depressive Störung o.n.A."
F33,"Rezidivierende depressive Störung Hierbei handelt es sich um eine Störung, die durch wiederholte depressive Episoden (F32.-) charakterisiert ist. In der Anamnese finden sich dabei keine unabhängigen Episoden mit gehobener Stimmung und vermehrtem Antrieb (Manie). Kurze Episoden von leicht gehobener Stimmung und Überaktivität (Hypomanie) können allerdings unmittelbar nach einer depressiven Episode, manchmal durch eine antidepressive Behandlung mitbedingt, aufgetreten sein. Die schwereren Formen der rezidivierenden depressiven Störung (F33.2 und .3) haben viel mit den früheren Konzepten der manisch-depressiven Krankheit, der Melancholie, der vitalen Depression und der endogenen Depression gemeinsam. Die erste Episode kann in jedem Alter zwischen Kindheit und Senium auftreten, der Beginn kann akut oder schleichend sein, die Dauer reicht von wenigen Wochen bis zu vielen Monaten. Das Risiko, dass ein Patient mit rezidivierender depressiver Störung eine manische Episode entwickelt, wird niemals vollständig aufgehoben, gleichgültig, wie viele depressive Episoden aufgetreten sind. Bei Auftreten einer manischen Episode ist die Diagnose in bipolare affektive Störung zu ändern (F31.-). Rezidivierende Episoden (F33.0 oder F33.1): depressive Reaktion Rezidivierende Episoden (F33.0 oder F33.1): psychogene Depression Rezidivierende Episoden (F33.0 oder F33.1): reaktive Depression Saisonale depressive Störung Rezidivierende depressive Störung, gegenwärtig leichte Episode Eine Störung, die durch wiederholte depressive Episoden gekennzeichnet ist, wobei die gegenwärtige Episode leicht ist (siehe F32.0), ohne Manie in der Anamnese. Rezidivierende depressive Störung, gegenwärtig mittelgradige Episode Eine Störung, die durch wiederholte depressive Episoden gekennzeichnet ist, wobei die gegenwärtige Episode mittelgradig ist (siehe F32.1), ohne Manie in der Anamnese. Rezidivierende depressive Störung, gegenwärtig schwere Episode ohne psychotische Symptome Eine Störung, die durch wiederholte depressive Episoden gekennzeichnet ist, wobei die gegenwärtige Episode schwer ist, ohne psychotische Symptome (siehe F32.2) und ohne Manie in der Anamnese. Endogene Depression ohne psychotische Symptome Manisch-depressive Psychose, depressive Form, ohne psychotische Symptome Rezidivierende majore Depression [major depression], ohne psychotische Symptome Rezidivierende vitale Depression, ohne psychotische Symptome Rezidivierende depressive Störung, gegenwärtig schwere Episode mit psychotischen Symptomen Eine Störung, die durch wiederholte depressive Episoden gekennzeichnet ist; die gegenwärtige Episode ist schwer, mit psychotischen Symptomen (siehe F32.3), ohne vorhergehende manische Episoden. Endogene Depression mit psychotischen Symptomen Manisch-depressive Psychose, depressive Form, mit psychotischen Symptomen Rezidivierende schwere Episoden: majore Depression [major depression] mit psychotischen Symptomen Rezidivierende schwere Episoden: psychogene depressive Psychose Rezidivierende schwere Episoden: psychotische Depression Rezidivierende schwere Episoden: reaktive depressive Psychose Rezidivierende depressive Störung, gegenwärtig remittiert Die Kriterien für eine der oben beschriebenen Störungen F33.0-F33.3 sind in der Anamnese erfüllt, aber in den letzten Monaten bestehen keine depressiven Symptome. Sonstige rezidivierende depressive Störungen Rezidivierende depressive Störung, nicht näher bezeichnet Monopolare Depression o.n.A."
F34,"Anhaltende affektive Störungen Hierbei handelt es sich um anhaltende und meist fluktuierende Stimmungsstörungen, bei denen die Mehrzahl der einzelnen Episoden nicht ausreichend schwer genug sind, um als hypomanische oder auch nur leichte depressive Episoden gelten zu können. Da sie jahrelang, manchmal den größeren Teil des Erwachsenenlebens, andauern, ziehen sie beträchtliches subjektives Leiden und Beeinträchtigungen nach sich. Gelegentlich können rezidivierende oder einzelne manische oder depressive Episoden eine anhaltende affektive Störung überlagern. Zyklothymia Hierbei handelt es sich um eine andauernde Instabilität der Stimmung mit zahlreichen Perioden von Depression und leicht gehobener Stimmung (Hypomanie), von denen aber keine ausreichend schwer und anhaltend genug ist, um die Kriterien für eine bipolare affektive Störung (F31.-) oder rezidivierende depressive Störung (F33.-) zu erfüllen. Diese Störung kommt häufig bei Verwandten von Patienten mit bipolarer affektiver Störung vor. Einige Patienten mit Zyklothymia entwickeln schließlich selbst eine bipolare affektive Störung. Affektive Persönlichkeit(sstörung) Zykloide Persönlichkeit Zyklothyme Persönlichkeit Dysthymia Hierbei handelt es sich um eine chronische, wenigstens mehrere Jahre andauernde depressive Verstimmung, die weder schwer noch hinsichtlich einzelner Episoden anhaltend genug ist, um die Kriterien einer schweren, mittelgradigen oder leichten rezidivierenden depressiven Störung (F33.-) zu erfüllen. Anhaltende ängstliche Depression Depressiv: Neurose Depressiv: Persönlichkeit(sstörung) Neurotische Depression Sonstige anhaltende affektive Störungen Anhaltende affektive Störung, nicht näher bezeichnet"
F38,"Andere affektive Störungen Hierbei handelt es sich um eine Restkategorie für Stimmungsstörungen, die die Kriterien der oben genannten Kategorien F30-F34 in Bezug auf Ausprägung und Dauer nicht erfüllen. Andere einzelne affektive Störungen Gemischte affektive Episode Andere rezidivierende affektive Störungen Rezidivierende kurze depressive Episoden Sonstige näher bezeichnete affektive Störungen"
F39,Nicht näher bezeichnete affektive Störung Affektive Psychose o.n.A.
F40,"Phobische Störungen Eine Gruppe von Störungen, bei der Angst ausschließlich oder überwiegend durch eindeutig definierte, eigentlich ungefährliche Situationen hervorgerufen wird. In der Folge werden diese Situationen typischerweise vermieden oder mit Furcht ertragen. Die Befürchtungen des Patienten können sich auf Einzelsymptome wie Herzklopfen oder Schwächegefühl beziehen, häufig gemeinsam mit sekundären Ängsten vor dem Sterben, Kontrollverlust oder dem Gefühl, wahnsinnig zu werden. Allein die Vorstellung, dass die phobische Situation eintreten könnte, erzeugt meist schon Erwartungsangst. Phobische Angst tritt häufig gleichzeitig mit Depression auf. Ob zwei Diagnosen, phobische Störung und depressive Episode, erforderlich sind, richtet sich nach dem zeitlichen Verlauf beider Zustandsbilder und nach therapeutischen Erwägungen zum Zeitpunkt der Konsultation. Agoraphobie Eine relativ gut definierte Gruppe von Phobien, mit Befürchtungen, das Haus zu verlassen, Geschäfte zu betreten, in Menschenmengen und auf öffentlichen Plätzen zu sein, alleine mit Bahn, Bus oder Flugzeug zu reisen. Eine Panikstörung kommt als häufiges Merkmal bei gegenwärtigen oder zurückliegenden Episoden vor. Depressive und zwanghafte Symptome sowie soziale Phobien sind als zusätzliche Merkmale gleichfalls häufig vorhanden. Die Vermeidung der phobischen Situation steht oft im Vordergrund, und einige Agoraphobiker erleben nur wenig Angst, da sie die phobischen Situationen meiden können. Soziale Phobien Furcht vor prüfender Betrachtung durch andere Menschen, die zu Vermeidung sozialer Situationen führt. Umfassendere soziale Phobien sind in der Regel mit niedrigem Selbstwertgefühl und Furcht vor Kritik verbunden. Sie können sich in Beschwerden wie Erröten, Händezittern, Übelkeit oder Drang zum Wasserlassen äußern. Dabei meint die betreffende Person manchmal, dass eine dieser sekundären Manifestationen der Angst das primäre Problem darstellt. Die Symptome können sich bis zu Panikattacken steigern. Anthropophobie Soziale Neurose Spezifische (isolierte) Phobien Phobien, die auf eng umschriebene Situationen wie Nähe von bestimmten Tieren, Höhen, Donner, Dunkelheit, Fliegen, geschlossene Räume, Urinieren oder Defäkieren auf öffentlichen Toiletten, Genuss bestimmter Speisen, Zahnarztbesuch oder auf den Anblick von Blut oder Verletzungen beschränkt sind. Obwohl die auslösende Situation streng begrenzt ist, kann sie Panikzustände wie bei Agoraphobie oder sozialer Phobie hervorrufen. Akrophobie Einfache Phobie Klaustrophobie Tierphobien Sonstige phobische Störungen Phobische Störung, nicht näher bezeichnet Phobie o.n.A. Phobischer Zustand o.n.A."
F41,"Andere Angststörungen Bei diesen Störungen stellen Manifestationen der Angst die Hauptsymptome dar, ohne auf eine bestimmte Umgebungssituation bezogen zu sein. Depressive und Zwangssymptome, sogar einige Elemente phobischer Angst können vorhanden sein, vorausgesetzt, sie sind eindeutig sekundär oder weniger ausgeprägt. Panikstörung [episodisch paroxysmale Angst] Das wesentliche Kennzeichen sind wiederkehrende schwere Angstattacken (Panik), die sich nicht auf eine spezifische Situation oder besondere Umstände beschränken und deshalb auch nicht vorhersehbar sind. Wie bei anderen Angsterkrankungen zählen zu den wesentlichen Symptomen plötzlich auftretendes Herzklopfen, Brustschmerz, Erstickungsgefühle, Schwindel und Entfremdungsgefühle (Depersonalisation oder Derealisation). Oft entsteht sekundär auch die Furcht zu sterben, vor Kontrollverlust oder die Angst, wahnsinnig zu werden. Die Panikstörung soll nicht als Hauptdiagnose verwendet werden, wenn der Betroffene bei Beginn der Panikattacken an einer depressiven Störung leidet. Unter diesen Umständen sind die Panikattacken wahrscheinlich sekundäre Folge der Depression. Panikattacke Panikzustand Generalisierte Angststörung Die Angst ist generalisiert und anhaltend. Sie ist nicht auf bestimmte Umgebungsbedingungen beschränkt, oder auch nur besonders betont in solchen Situationen, sie ist vielmehr ""frei flottierend"". Die wesentlichen Symptome sind variabel, Beschwerden wie ständige Nervosität, Zittern, Muskelspannung, Schwitzen, Benommenheit, Herzklopfen, Schwindelgefühle oder Oberbauchbeschwerden gehören zu diesem Bild. Häufig wird die Befürchtung geäußert, der Patient selbst oder ein Angehöriger könnten demnächst erkranken oder einen Unfall haben. Angstneurose Angstreaktion Angstzustand Angst und depressive Störung, gemischt Diese Kategorie soll bei gleichzeitigem Bestehen von Angst und Depression Verwendung finden, jedoch nur, wenn keine der beiden Störungen eindeutig vorherrscht und keine für sich genommen eine eigenständige Diagnose rechtfertigt. Treten ängstliche und depressive Symptome in so starker Ausprägung auf, dass sie einzelne Diagnosen rechtfertigen, sollen beide Diagnosen gestellt und auf diese Kategorie verzichtet werden. Ängstliche Depression (leicht oder nicht anhaltend) Andere gemischte Angststörungen Angstsymptome gemischt mit Merkmalen anderer Störungen in F42-F48. Kein Symptom ist allein schwer genug um die Diagnose einer anderen Störung zu stellen. Sonstige spezifische Angststörungen Angsthysterie Angststörung, nicht näher bezeichnet Angst o.n.A."
F42,"Zwangsstörung Wesentliche Kennzeichen sind wiederkehrende Zwangsgedanken und Zwangshandlungen. Zwangsgedanken sind Ideen, Vorstellungen oder Impulse, die den Patienten immer wieder stereotyp beschäftigen. Sie sind fast immer quälend, der Patient versucht häufig erfolglos, Widerstand zu leisten. Die Gedanken werden als zur eigenen Person gehörig erlebt, selbst wenn sie als unwillkürlich und häufig abstoßend empfunden werden. Zwangshandlungen oder -rituale sind Stereotypien, die ständig wiederholt werden. Sie werden weder als angenehm empfunden, noch dienen sie dazu, an sich nützliche Aufgaben zu erfüllen. Der Patient erlebt sie oft als Vorbeugung gegen ein objektiv unwahrscheinliches Ereignis, das ihm Schaden bringen oder bei dem er selbst Unheil anrichten könnte. Im Allgemeinen wird dieses Verhalten als sinnlos und ineffektiv erlebt, es wird immer wieder versucht, dagegen anzugehen. Angst ist meist ständig vorhanden. Werden Zwangshandlungen unterdrückt, verstärkt sich die Angst deutlich. Anankastische Neurose Zwangsneurose Vorwiegend Zwangsgedanken oder Grübelzwang Diese können die Form von zwanghaften Ideen, bildhaften Vorstellungen oder Zwangsimpulsen annehmen, die fast immer für die betreffende Person quälend sind. Manchmal sind diese Ideen eine endlose Überlegung unwägbarer Alternativen, häufig verbunden mit der Unfähigkeit, einfache, aber notwendige Entscheidungen des täglichen Lebens zu treffen. Die Beziehung zwischen Grübelzwängen und Depression ist besonders eng. Eine Zwangsstörung ist nur dann zu diagnostizieren, wenn der Grübelzwang nicht während einer depressiven Episode auftritt und anhält. Vorwiegend Zwangshandlungen [Zwangsrituale] Die meisten Zwangshandlungen beziehen sich auf Reinlichkeit (besonders Händewaschen), wiederholte Kontrollen, die garantieren, dass sich eine möglicherweise gefährliche Situation nicht entwickeln kann oder übertriebene Ordnung und Sauberkeit. Diesem Verhalten liegt die Furcht vor einer Gefahr zugrunde, die den Patienten bedroht oder von ihm ausgeht; das Ritual ist ein wirkungsloser oder symbolischer Versuch, diese Gefahr abzuwenden. Zwangsgedanken und -handlungen, gemischt Sonstige Zwangsstörungen Zwangsstörung, nicht näher bezeichnet"
F43,"Reaktionen auf schwere Belastungen und Anpassungsstörungen Die Störungen dieses Abschnittes unterscheiden sich von den übrigen nicht nur aufgrund der Symptomatologie und des Verlaufs, sondern auch durch die Angabe von ein oder zwei ursächlichen Faktoren: ein außergewöhnlich belastendes Lebensereignis, das eine akute Belastungsreaktion hervorruft, oder eine besondere Veränderung im Leben, die zu einer anhaltend unangenehmen Situation geführt hat und eine Anpassungsstörung hervorruft. Obwohl weniger schwere psychosoziale Belastungen (""life events"") den Beginn und das Erscheinungsbild auch zahlreicher anderer Störungen dieses Kapitels auslösen und beeinflussen können, ist ihre ätiologische Bedeutung doch nicht immer ganz klar. In jedem Fall hängt sie zusammen mit der individuellen, häufig idiosynkratischen Vulnerabilität, das heißt, die Lebensereignisse sind weder notwendig noch ausreichend, um das Auftreten und die Art der Krankheit zu erklären. Im Gegensatz dazu entstehen die hier aufgeführten Störungen immer als direkte Folge der akuten schweren Belastung oder des kontinuierlichen Traumas. Das belastende Ereignis oder die andauernden, unangenehmen Umstände sind primäre und ausschlaggebende Kausalfaktoren, und die Störung wäre ohne ihre Einwirkung nicht entstanden. Die Störungen dieses Abschnittes können insofern als Anpassungsstörungen bei schwerer oder kontinuierlicher Belastung angesehen werden, als sie erfolgreiche Bewältigungsstrategien behindern und aus diesem Grunde zu Problemen der sozialen Funktionsfähigkeit führen. Akute Belastungsreaktion Eine vorübergehende Störung, die sich bei einem psychisch nicht manifest gestörten Menschen als Reaktion auf eine außergewöhnliche physische oder psychische Belastung entwickelt, und die im Allgemeinen innerhalb von Stunden oder Tagen abklingt. Die individuelle Vulnerabilität und die zur Verfügung stehenden Bewältigungsmechanismen (Coping-Strategien) spielen bei Auftreten und Schweregrad der akuten Belastungsreaktionen eine Rolle. Die Symptomatik zeigt typischerweise ein gemischtes und wechselndes Bild, beginnend mit einer Art von ""Betäubung"", mit einer gewissen Bewusstseinseinengung und eingeschränkten Aufmerksamkeit, einer Unfähigkeit, Reize zu verarbeiten und Desorientiertheit. Diesem Zustand kann ein weiteres Sichzurückziehen aus der Umweltsituation folgen (bis hin zu dissoziativem Stupor, siehe F44.2) oder aber ein Unruhezustand und Überaktivität (wie Fluchtreaktion oder Fugue). Vegetative Zeichen panischer Angst wie Tachykardie, Schwitzen und Erröten treten zumeist auf. Die Symptome erscheinen im Allgemeinen innerhalb von Minuten nach dem belastenden Ereignis und gehen innerhalb von zwei oder drei Tagen, oft innerhalb von Stunden zurück. Teilweise oder vollständige Amnesie (siehe F44.0) bezüglich dieser Episode kann vorkommen. Wenn die Symptome andauern, sollte eine Änderung der Diagnose in Erwägung gezogen werden. Akut: Belastungsreaktion Akut: Krisenreaktion Kriegsneurose Krisenzustand Psychischer Schock Posttraumatische Belastungsstörung Diese entsteht als eine verzögerte oder protrahierte Reaktion auf ein belastendes Ereignis oder eine Situation kürzerer oder längerer Dauer, mit außergewöhnlicher Bedrohung oder katastrophenartigem Ausmaß, die bei fast jedem eine tiefe Verzweiflung hervorrufen würde. Prädisponierende Faktoren wie bestimmte, z.B. zwanghafte oder asthenische Persönlichkeitszüge oder neurotische Krankheiten in der Vorgeschichte können die Schwelle für die Entwicklung dieses Syndroms senken und seinen Verlauf erschweren, aber die letztgenannten Faktoren sind weder notwendig noch ausreichend, um das Auftreten der Störung zu erklären. Typische Merkmale sind das wiederholte Erleben des Traumas in sich aufdrängenden Erinnerungen (Nachhallerinnerungen, Flashbacks), Träumen oder Albträumen, die vor dem Hintergrund eines andauernden Gefühls von Betäubtsein und emotionaler Stumpfheit auftreten. Ferner finden sich Gleichgültigkeit gegenüber anderen Menschen, Teilnahmslosigkeit der Umgebung gegenüber, Freudlosigkeit sowie Vermeidung von Aktivitäten und Situationen, die Erinnerungen an das Trauma wachrufen könnten. Meist tritt ein Zustand von vegetativer Übererregtheit mit Vigilanzsteigerung, einer übermäßigen Schreckhaftigkeit und Schlafstörung auf. Angst und Depression sind häufig mit den genannten Symptomen und Merkmalen assoziiert und Suizidgedanken sind nicht selten. Der Beginn folgt dem Trauma mit einer Latenz, die wenige Wochen bis Monate dauern kann. Der Verlauf ist wechselhaft, in der Mehrzahl der Fälle kann jedoch eine Heilung erwartet werden. In wenigen Fällen nimmt die Störung über viele Jahre einen chronischen Verlauf und geht dann in eine andauernde Persönlichkeitsänderung (F62.0) über. Traumatische Neurose Anpassungsstörungen Hierbei handelt es sich um Zustände von subjektiver Bedrängnis und emotionaler Beeinträchtigung, die im Allgemeinen soziale Funktionen und Leistungen behindern und während des Anpassungsprozesses nach einer entscheidenden Lebensveränderung oder nach belastenden Lebensereignissen auftreten. Die Belastung kann das soziale Netz des Betroffenen beschädigt haben (wie bei einem Trauerfall oder Trennungserlebnissen) oder das weitere Umfeld sozialer Unterstützung oder soziale Werte (wie bei Emigration oder nach Flucht). Sie kann auch in einem größeren Entwicklungsschritt oder einer Krise bestehen (wie Schulbesuch, Elternschaft, Misserfolg, Erreichen eines ersehnten Zieles und Ruhestand). Die individuelle Prädisposition oder Vulnerabilität spielt bei dem möglichen Auftreten und bei der Form der Anpassungsstörung eine bedeutsame Rolle; es ist aber dennoch davon auszugehen, dass das Krankheitsbild ohne die Belastung nicht entstanden wäre. Die Anzeichen sind unterschiedlich und umfassen depressive Stimmung, Angst oder Sorge (oder eine Mischung von diesen). Außerdem kann ein Gefühl bestehen, mit den alltäglichen Gegebenheiten nicht zurechtzukommen, diese nicht vorausplanen oder fortsetzen zu können. Störungen des Sozialverhaltens können insbesondere bei Jugendlichen ein zusätzliches Symptom sein. Hervorstechendes Merkmal kann eine kurze oder längere depressive Reaktion oder eine Störung anderer Gefühle und des Sozialverhaltens sein. Hospitalismus bei Kindern Kulturschock Trauerreaktion Sonstige Reaktionen auf schwere Belastung Reaktion auf schwere Belastung, nicht näher bezeichnet"
F44,"Dissoziative Störungen [Konversionsstörungen] Das allgemeine Kennzeichen der dissoziativen oder Konversionsstörungen besteht in teilweisem oder völligem Verlust der normalen Integration der Erinnerung an die Vergangenheit, des Identitätsbewusstseins, der Wahrnehmung unmittelbarer Empfindungen sowie der Kontrolle von Körperbewegungen. Alle dissoziativen Störungen neigen nach einigen Wochen oder Monaten zur Remission, besonders wenn der Beginn mit einem traumatisierenden Lebensereignis verbunden ist. Eher chronische Störungen, besonders Lähmungen und Gefühlsstörungen, entwickeln sich, wenn der Beginn mit unlösbaren Problemen oder interpersonalen Schwierigkeiten verbunden ist. Diese Störungen wurden früher als verschiedene Formen der ""Konversionsneurose oder Hysterie"" klassifiziert. Sie werden als ursächlich psychogen angesehen, in enger zeitlicher Verbindung mit traumatisierenden Ereignissen, unlösbaren oder unerträglichen Konflikten oder gestörten Beziehungen. Die Symptome verkörpern häufig das Konzept der betroffenen Person, wie sich eine körperliche Krankheit manifestieren müsste. Körperliche Untersuchung und Befragungen geben keinen Hinweis auf eine bekannte somatische oder neurologische Krankheit. Zusätzlich ist der Funktionsverlust offensichtlich Ausdruck emotionaler Konflikte oder Bedürfnisse. Die Symptome können sich in enger Beziehung zu psychischer Belastung entwickeln und erscheinen oft plötzlich. Nur Störungen der körperlichen Funktionen, die normalerweise unter willentlicher Kontrolle stehen, und Verlust der sinnlichen Wahrnehmung sind hier eingeschlossen. Störungen mit Schmerz und anderen komplexen körperlichen Empfindungen, die durch das vegetative Nervensystem vermittelt werden, sind unter Somatisierungsstörungen (F45.0) zu klassifizieren. Die Möglichkeit eines späteren Auftretens ernsthafter körperlicher oder psychiatrischer Störungen muss immer mitbedacht werden. Hysterie Hysterische Psychose Konversionshysterie Konversionsreaktion Dissoziative Amnesie Das wichtigste Kennzeichen ist der Verlust der Erinnerung für meist wichtige aktuelle Ereignisse, die nicht durch eine organische psychische Störung bedingt ist und für den eine übliche Vergesslichkeit oder Ermüdung als Erklärung nicht ausreicht. Die Amnesie bezieht sich meist auf traumatische Ereignisse wie Unfälle oder unerwartete Trauerfälle und ist in der Regel unvollständig und selektiv. Eine vollständige und generalisierte Amnesie ist selten, dann gewöhnlich Symptom einer Fugue (F44.1) und auch als solche zu klassifizieren. Die Diagnose sollte nicht bei hirnorganischen Störungen, Intoxikationen oder extremer Erschöpfung gestellt werden. Dissoziative Fugue Eine dissoziative Fugue ist eine zielgerichtete Ortsveränderung, die über die gewöhnliche Alltagsmobilität hinausgeht. Darüber hinaus zeigt sie alle Kennzeichen einer dissoziativen Amnesie (F44.0). Obwohl für die Zeit der Fugue eine Amnesie besteht, kann das Verhalten des Patienten während dieser Zeit auf unabhängige Beobachter vollständig normal wirken. Dissoziativer Stupor Dissoziativer Stupor wird aufgrund einer beträchtlichen Verringerung oder des Fehlens von willkürlichen Bewegungen und normalen Reaktionen auf äußere Reize wie Licht, Geräusche oder Berührung diagnostiziert. Dabei lassen Befragung und Untersuchung keinen Anhalt für eine körperliche Ursache erkennen. Zusätzliche Hinweise auf die psychogene Verursachung geben kurz vorhergegangene belastende Ereignisse oder Probleme. Trance- und Besessenheitszustände Bei diesen Störungen tritt ein zeitweiliger Verlust der persönlichen Identität und der vollständigen Wahrnehmung der Umgebung auf. Hier sind nur Trancezustände zu klassifizieren, die unfreiwillig oder ungewollt sind, und die außerhalb von religiösen oder kulturell akzeptierten Situationen auftreten. Dissoziative Bewegungsstörungen Die häufigsten Formen zeigen den vollständigen oder teilweisen Verlust der Bewegungsfähigkeit eines oder mehrerer Körperglieder. Sie haben große Ähnlichkeit mit fast jeder Form von Ataxie, Apraxie, Akinesie, Aphonie, Dysarthrie, Dyskinesie, Anfällen oder Lähmungen. Psychogen: Aphonie Psychogen: Dysphonie Dissoziative Krampfanfälle Dissoziative Krampfanfälle können epileptischen Anfällen bezüglich ihrer Bewegungen sehr stark ähneln. Zungenbiss, Verletzungen beim Sturz oder Urininkontinenz sind jedoch selten. Ein Bewusstseinsverlust fehlt oder es findet sich statt dessen ein stupor- oder tranceähnlicher Zustand. Dissoziative Sensibilitäts- und Empfindungsstörungen Die Grenzen anästhetischer Hautareale entsprechen oft eher den Vorstellungen des Patienten über Körperfunktionen als medizinischen Tatsachen. Es kann auch unterschiedliche Ausfälle der sensorischen Modalitäten geben, die nicht Folge einer neurologischen Läsion sein können. Sensorische Ausfälle können von Klagen über Parästhesien begleitet sein. Vollständige Seh- oder Hörverluste bei dissoziativen Störungen sind selten. Psychogene Schwerhörigkeit oder Taubheit Dissoziative Störungen [Konversionsstörungen], gemischt Kombinationen der unter F44.0-F44.6 beschriebenen Störungen. Sonstige dissoziative Störungen [Konversionsstörungen] Dissoziative Störung [Konversionsstörung], nicht näher bezeichnet"
F45,"Somatoforme Störungen Das Charakteristikum ist die wiederholte Darbietung körperlicher Symptome in Verbindung mit hartnäckigen Forderungen nach medizinischen Untersuchungen trotz wiederholter negativer Ergebnisse und Versicherung der Ärzte, dass die Symptome nicht körperlich begründbar sind. Wenn somatische Störungen vorhanden sind, erklären sie nicht die Art und das Ausmaß der Symptome, das Leiden und die innerliche Beteiligung des Patienten. Für die Anwendung der Schlüsselnummer F45.41 sind die vorgenannten Kriterien nicht heranzuziehen. Für die Anwendung dieser Kategorie gelten die im Hinweistext der Schlüsselnummer aufgeführten Kriterien. Somatisierungsstörung Charakteristisch sind multiple, wiederholt auftretende und häufig wechselnde körperliche Symptome, die wenigstens zwei Jahre bestehen. Die meisten Patienten haben eine lange und komplizierte Patienten-Karriere hinter sich, sowohl in der Primärversorgung als auch in spezialisierten medizinischen Einrichtungen, wo viele negative Untersuchungen und ergebnislose explorative Operationen durchgeführt sein können. Die Symptome können sich auf jeden Körperteil oder jedes System des Körpers beziehen. Der Verlauf der Störung ist chronisch und fluktuierend und häufig mit einer langdauernden Störung des sozialen, interpersonalen und familiären Verhaltens verbunden. Eine kurzdauernde (weniger als zwei Jahre) und weniger auffallende Symptomatik wird besser unter F45.1 klassifiziert (undifferenzierte Somatisierungsstörung). Briquet-Syndrom Multiple psychosomatische Störung Undifferenzierte Somatisierungsstörung Wenn die körperlichen Beschwerden zahlreich, unterschiedlich und hartnäckig sind, aber das vollständige und typische klinische Bild einer Somatisierungsstörung nicht erfüllt ist, ist die Diagnose undifferenzierte Somatisierungsstörung zu erwägen. Undifferenzierte psychosomatische Störung Hypochondrische Störung Vorherrschendes Kennzeichen ist eine beharrliche Beschäftigung mit der Möglichkeit, an einer oder mehreren schweren und fortschreitenden körperlichen Krankheiten zu leiden. Die Patienten manifestieren anhaltende körperliche Beschwerden oder anhaltende Beschäftigung mit ihren körperlichen Phänomenen. Normale oder allgemeine Körperwahrnehmungen und Symptome werden von dem betreffenden Patienten oft als abnorm und belastend interpretiert und die Aufmerksamkeit meist auf nur ein oder zwei Organe oder Organsysteme des Körpers fokussiert. Depression und Angst finden sich häufig und können dann zusätzliche Diagnosen rechtfertigen. Dysmorphophobie (nicht wahnhaft) Hypochondrie Hypochondrische Neurose Körperdysmorphophobe Störung Nosophobie Somatoforme autonome Funktionsstörung Die Symptome werden vom Patienten so geschildert, als beruhten sie auf der körperlichen Krankheit eines Systems oder eines Organs, das weitgehend oder vollständig vegetativ innerviert und kontrolliert wird, so etwa des kardiovaskulären, des gastrointestinalen, des respiratorischen oder des urogenitalen Systems. Es finden sich meist zwei Symptomgruppen, die beide nicht auf eine körperliche Krankheit des betreffenden Organs oder Systems hinweisen. Die erste Gruppe umfasst Beschwerden, die auf objektivierbaren Symptomen der vegetativen Stimulation beruhen wie etwa Herzklopfen, Schwitzen, Erröten, Zittern. Sie sind Ausdruck der Furcht vor und Beeinträchtigung durch eine(r) somatische(n) Störung. Die zweite Gruppe beinhaltet subjektive Beschwerden unspezifischer und wechselnder Natur, wie flüchtige Schmerzen, Brennen, Schwere, Enge und Gefühle, aufgebläht oder auseinander gezogen zu werden, die vom Patienten einem spezifischen Organ oder System zugeordnet werden. Da-Costa-Syndrom Herzneurose Magenneurose Neurozirkulatorische Asthenie Psychogene Formen: Aerophagie Psychogene Formen: Colon irritabile Psychogene Formen: Diarrhoe Psychogene Formen: Dyspepsie Psychogene Formen: Dysurie Psychogene Formen: erhöhte Miktionshäufigkeit Psychogene Formen: Flatulenz Psychogene Formen: Husten Psychogene Formen: Hyperventilation Psychogene Formen: Pylorospasmen Psychogene Formen: Singultus Anhaltende Schmerzstörung Schmerzzustände mit vermutlich psychogenem Ursprung, die im Verlauf depressiver Störungen oder einer Schizophrenie auftreten, sollten hier nicht berücksichtigt werden. Sonstige somatoforme Störungen Hier sollten alle anderen Störungen der Wahrnehmung, der Körperfunktion und des Krankheitsverhaltens klassifiziert werden, die nicht durch das vegetative Nervensystem vermittelt werden, die auf spezifische Teile oder Systeme des Körpers begrenzt sind und mit belastenden Ereignissen oder Problemen eng in Verbindung stehen. Psychogen: Dysmenorrhoe Psychogen: Dysphagie, einschließlich ""Globus hystericus"" Psychogen: Pruritus Psychogen: Tortikollis Psychogen: Zähneknirschen Somatoforme Störung, nicht näher bezeichnet Psychosomatische Störung o.n.A."
F48,"Andere neurotische Störungen Neurasthenie Im Erscheinungsbild zeigen sich beträchtliche kulturelle Unterschiede. Zwei Hauptformen überschneiden sich beträchtlich. Bei einer Form ist das Hauptcharakteristikum die Klage über vermehrte Müdigkeit nach geistigen Anstrengungen, häufig verbunden mit abnehmender Arbeitsleistung oder Effektivität bei der Bewältigung täglicher Aufgaben. Die geistige Ermüdbarkeit wird typischerweise als unangenehmes Eindringen ablenkender Assoziationen oder Erinnerungen beschrieben, als Konzentrationsschwäche und allgemein ineffektives Denken. Bei der anderen Form liegt das Schwergewicht auf Gefühlen körperlicher Schwäche und Erschöpfung nach nur geringer Anstrengung, begleitet von muskulären und anderen Schmerzen und der Unfähigkeit, sich zu entspannen. Bei beiden Formen finden sich eine ganze Reihe von anderen unangenehmen körperlichen Empfindungen wie Schwindelgefühl, Spannungskopfschmerz und allgemeine Unsicherheit. Sorge über abnehmendes geistiges und körperliches Wohlbefinden, Reizbarkeit, Freudlosigkeit, Depression und Angst sind häufig. Der Schlaf ist oft in der ersten und mittleren Phase gestört, es kann aber auch Hypersomnie im Vordergrund stehen. Ermüdungssyndrom Soll eine vorausgegangene Krankheit angegeben werden, ist eine zusätzliche Schlüsselnummer zu benutzen. Depersonalisations- und Derealisationssyndrom Eine seltene Störung, bei der ein Patient spontan beklagt, dass seine geistige Aktivität, sein Körper oder die Umgebung sich in ihrer Qualität verändert haben, und unwirklich, wie in weiter Ferne oder automatisiert erlebt werden. Neben vielen anderen Phänomenen und Symptomen klagen die Patienten am häufigsten über den Verlust von Emotionen, über Entfremdung und Loslösung vom eigenen Denken, vom Körper oder von der umgebenden realen Welt. Trotz der dramatischen Form dieser Erfahrungen ist sich der betreffende Patient der Unwirklichkeit dieser Veränderung bewusst. Das Sensorium ist normal, die Möglichkeiten des emotionalen Ausdrucks intakt. Depersonalisations- und Derealisationsphänomene können im Rahmen einer schizophrenen, depressiven, phobischen oder Zwangsstörung auftreten. In solchen Fällen sollte die Diagnose der im Vordergrund stehenden Störung gestellt werden. Sonstige neurotische Störungen Beschäftigungsneurose, einschließlich Schreibkrämpfen Dhat-Syndrom Psychasthenie Psychasthenische Neurose Psychogene Synkope Neurotische Störung, nicht näher bezeichnet Neurose o.n.A."
F50,"Essstörungen Anorexia nervosa Die Anorexia ist durch einen absichtlich selbst herbeigeführten oder aufrechterhaltenen Gewichtsverlust charakterisiert. Am häufigsten ist die Störung bei heranwachsenden Mädchen und jungen Frauen; heranwachsende Jungen und junge Männer, Kinder vor der Pubertät und Frauen bis zur Menopause können ebenfalls betroffen sein. Die Krankheit ist mit einer spezifischen Psychopathologie verbunden, wobei die Angst vor einem dicken Körper und einer schlaffen Körperform als eine tiefverwurzelte überwertige Idee besteht und die Betroffenen eine sehr niedrige Gewichtsschwelle für sich selbst festlegen. Es liegt meist Unterernährung unterschiedlichen Schweregrades vor, die sekundär zu endokrinen und metabolischen Veränderungen und zu körperlichen Funktionsstörungen führt. Zu den Symptomen gehören eingeschränkte Nahrungsauswahl, übertriebene körperliche Aktivitäten, selbstinduziertes Erbrechen und Abführen und der Gebrauch von Appetitzüglern und Diuretika. Atypische Anorexia nervosa Es handelt sich um Störungen, die einige Kriterien der Anorexia nervosa erfüllen, das gesamte klinische Bild rechtfertigt die Diagnose jedoch nicht. Zum Beispiel können die Schlüsselsymptome wie deutliche Angst vor dem zu Dicksein oder die Amenorrhoe fehlen, trotz eines erheblichen Gewichtsverlustes und gewichtsreduzierendem Verhalten. Die Diagnose ist bei einer bekannten körperlichen Krankheit mit Gewichtsverlust nicht zu stellen. Bulimia nervosa Ein Syndrom, das durch wiederholte Anfälle von Heißhunger und eine übertriebene Beschäftigung mit der Kontrolle des Körpergewichts charakterisiert ist. Dies führt zu einem Verhaltensmuster von Essanfällen und Erbrechen oder Gebrauch von Abführmitteln. Viele psychische Merkmale dieser Störung ähneln denen der Anorexia nervosa, so die übertriebene Sorge um Körperform und Gewicht. Wiederholtes Erbrechen kann zu Elektrolytstörungen und körperlichen Komplikationen führen. Häufig lässt sich in der Anamnese eine frühere Episode einer Anorexia nervosa mit einem Intervall von einigen Monaten bis zu mehreren Jahren nachweisen. Bulimie o.n.A. Hyperorexia nervosa Atypische Bulimia nervosa Es handelt sich um Störungen, die einige Kriterien der Bulimia nervosa erfüllen, das gesamte klinische Bild rechtfertigt die Diagnose jedoch nicht. Zum Beispiel können wiederholte Essanfälle und übermäßiger Gebrauch von Abführmitteln auftreten ohne signifikante Gewichtsveränderungen, oder es fehlt die typische übertriebene Sorge um Körperform und Gewicht. Essattacken bei anderen psychischen Störungen Übermäßiges Essen als Reaktion auf belastende Ereignisse, wie etwa Trauerfälle, Unfälle und Geburt. Psychogene Essattacken Erbrechen bei anderen psychischen Störungen Wiederholtes Erbrechen bei dissoziativen Störungen F44.- und Hypochondrie F45.2 und Erbrechen, das nicht unter anderen Zustandsbildern außerhalb des Kapitels V klassifiziert werden kann. Diese Subkategorie kann zusätzlich zu O21.- (übermäßiges Erbrechen in der Schwangerschaft) verwendet werden, wenn hauptsächlich emotionale Faktoren wiederholte Übelkeit und Erbrechen verursachen. Psychogenes Erbrechen Sonstige Essstörungen Pica bei Erwachsenen Psychogener Appetitverlust Essstörung, nicht näher bezeichnet"
F51,"Nichtorganische Schlafstörungen In vielen Fällen ist eine Schlafstörung Symptom einer anderen psychischen oder körperlichen Krankheit. Ob eine Schlafstörung bei einem bestimmten Patienten ein eigenständiges Krankheitsbild oder einfach Merkmal einer anderen Krankheit (klassifiziert anderenorts in Kapitel V oder in anderen Kapiteln) ist, sollte auf der Basis des klinischen Erscheinungsbildes, des Verlaufs sowie aufgrund therapeutischer Erwägungen und Prioritäten zum Zeitpunkt der Konsultation entschieden werden. Wenn die Schlafstörung eine der Hauptbeschwerden darstellt und als eigenständiges Zustandsbild aufgefasst wird, dann soll diese Kodierung gemeinsam mit dazugehörenden Diagnosen verwendet werden, welche die Psychopathologie und Pathophysiologie des gegebenen Falles beschreiben. Diese Kategorie umfasst nur Schlafstörungen, bei denen emotionale Ursachen als primärer Faktor aufgefasst werden, und die nicht durch anderenorts klassifizierte körperliche Störungen verursacht werden. Nichtorganische Insomnie Insomnie ist ein Zustandsbild mit einer ungenügenden Dauer und Qualität des Schlafes, das über einen beträchtlichen Zeitraum besteht und Einschlafstörungen, Durchschlafstörungen und frühmorgendliches Erwachen einschließt. Insomnie ist ein häufiges Symptom vieler psychischer und somatischer Störungen und soll daher nur zusätzlich klassifiziert werden, wenn sie das klinische Bild beherrscht. Nichtorganische Hypersomnie Hypersomnie ist definiert entweder als Zustand exzessiver Schläfrigkeit während des Tages und Schlafattacken (die nicht durch eine inadäquate Schlafdauer erklärbar sind) oder durch verlängerte Übergangszeiten bis zum Wachzustand nach dem Aufwachen. Bei Fehlen einer organischen Ursache für die Hypersomnie ist dieses Zustandsbild gewöhnlich mit anderen psychischen Störungen verbunden. Nichtorganische Störung des Schlaf-Wach-Rhythmus Eine Störung des Schlaf-Wach-Rhythmus ist definiert als Mangel an Synchronizität zwischen dem individuellen Schlaf-Wach-Rhythmus und dem erwünschten Schlaf-Wach-Rhythmus der Umgebung. Dies führt zu Klagen über Schlaflosigkeit und Hypersomnie. Psychogene Umkehr: Schlafrhythmus Psychogene Umkehr: Tag-Nacht-Rhythmus Psychogene Umkehr: 24-Stunden-Rhythmus Schlafwandeln [Somnambulismus] Schlafwandeln oder Somnambulismus ist ein Zustand veränderter Bewusstseinslage, in dem Phänomene von Schlaf und Wachsein kombiniert sind. Während einer schlafwandlerischen Episode verlässt die betreffende Person das Bett, häufig während des ersten Drittels des Nachtschlafes, geht umher, zeigt ein herabgesetztes Bewusstsein, verminderte Reaktivität und Geschicklichkeit. Nach dem Erwachen besteht meist keine Erinnerung an das Schlafwandeln mehr. Pavor nocturnus Nächtliche Episoden äußerster Furcht und Panik mit heftigem Schreien, Bewegungen und starker autonomer Erregung. Die betroffene Person setzt sich oder steht mit einem Panikschrei auf, gewöhnlich während des ersten Drittels des Nachtschlafes. Häufig stürzt sie zur Tür wie um zu entfliehen, meist aber ohne den Raum zu verlassen. Nach dem Erwachen fehlt die Erinnerung an das Geschehen oder ist auf ein oder zwei bruchstückhafte bildhafte Vorstellungen begrenzt. Albträume [Angstträume] Traumerleben voller Angst oder Furcht, mit sehr detaillierter Erinnerung an den Trauminhalt. Dieses Traumerleben ist sehr lebhaft, Themen sind die Bedrohung des Lebens, der Sicherheit oder der Selbstachtung. Oft besteht eine Wiederholung gleicher oder ähnlicher erschreckender Albtraumthemen. Während einer typischen Episode besteht eine autonome Stimulation, aber kein wahrnehmbares Schreien oder Körperbewegungen. Nach dem Aufwachen wird der Patient rasch lebhaft und orientiert. Angsttraumstörung Sonstige nichtorganische Schlafstörungen Nichtorganische Schlafstörung, nicht näher bezeichnet Emotional bedingte Schlafstörung o.n.A."
F52,"Sexuelle Funktionsstörungen, nicht verursacht durch eine organische Störung oder Krankheit Sexuelle Funktionsstörungen verhindern die von der betroffenen Person gewünschte sexuelle Beziehung. Die sexuellen Reaktionen sind psychosomatische Prozesse, d.h. bei der Entstehung von sexuellen Funktionsstörungen sind gewöhnlich sowohl psychologische als auch somatische Prozesse beteiligt. Mangel oder Verlust von sexuellem Verlangen Der Verlust des sexuellen Verlangens ist das Grundproblem und beruht nicht auf anderen sexuellen Störungen wie Erektionsstörungen oder Dyspareunie. Frigidität Sexuelle Hypoaktivität Sexuelle Aversion und mangelnde sexuelle Befriedigung Entweder ist der Bereich sexueller Partnerbeziehungen mit so großer Furcht oder Angst verbunden, dass sexuelle Aktivitäten vermieden werden (sexuelle Aversion) oder sexuelle Reaktionen verlaufen normal und ein Orgasmus wird erlebt, aber ohne die entsprechende Lust daran (Mangel an sexueller Befriedigung). Sexuelle Anhedonie Versagen genitaler Reaktionen Das Hauptproblem ist bei Männern die Erektionsstörung (Schwierigkeit, eine für einen befriedigenden Geschlechtsverkehr notwendige Erektion zu erlangen oder aufrecht zu erhalten). Bei Frauen ist das Hauptproblem mangelnde oder fehlende vaginale Lubrikation. Erektionsstörung (beim Mann) Psychogene Impotenz Störung der sexuellen Erregung bei der Frau Orgasmusstörung Der Orgasmus tritt nicht oder nur stark verzögert ein. Gehemmter Orgasmus (weiblich) (männlich) Psychogene Anorgasmie Ejaculatio praecox Unfähigkeit, die Ejakulation ausreichend zu kontrollieren, damit der Geschlechtsverkehr für beide Partner befriedigend ist. Nichtorganischer Vaginismus Spasmus der die Vagina umgebenden Beckenbodenmuskulatur, wodurch der Introitus vaginae verschlossen wird. Die Immission des Penis ist unmöglich oder schmerzhaft. Psychogener Vaginismus Nichtorganische Dyspareunie Eine Dyspareunie (Schmerzen während des Sexualverkehrs) tritt sowohl bei Frauen als auch bei Männern auf. Sie kann häufig einem lokalen krankhaften Geschehen zugeordnet werden und sollte dann unter der entsprechenden Störung klassifiziert werden. Diese Kategorie sollte nur dann verwendet werden, wenn keine andere primäre nichtorganische Sexualstörung vorliegt (z.B. Vaginismus oder mangelnde/fehlende vaginale Lubrikation). Psychogene Dyspareunie Gesteigertes sexuelles Verlangen Nymphomanie Satyriasis Sonstige sexuelle Funktionsstörungen, nicht verursacht durch eine organische Störung oder Krankheit Nicht näher bezeichnete sexuelle Funktionsstörung, nicht verursacht durch eine organische Störung oder Krankheit"
F53,"Psychische oder Verhaltensstörungen im Wochenbett, anderenorts nicht klassifiziert Hier sind nur psychische Störungen im Zusammenhang mit dem Wochenbett zu klassifizieren (Beginn innerhalb von sechs Wochen nach der Geburt), die nicht die Kriterien für anderenorts im Kapitel V (F) klassifizierte Störungen erfüllen. Hier wird verschlüsselt, entweder weil nur ungenügende Informationen verfügbar sind, oder weil man annimmt, dass spezielle zusätzliche klinische Aspekte vorliegen, die ihre Klassifikation an anderer Stelle unangemessen erscheinen lassen. Leichte psychische und Verhaltensstörungen im Wochenbett, anderenorts nicht klassifiziert Depression: postnatal o.n.A. Depression: postpartal o.n.A. Schwere psychische und Verhaltensstörungen im Wochenbett, anderenorts nicht klassifiziert Puerperalpsychose o.n.A. Sonstige psychische und Verhaltensstörungen im Wochenbett, anderenorts nicht klassifiziert Psychische Störung im Wochenbett, nicht näher bezeichnet"
F54,"Psychologische Faktoren oder Verhaltensfaktoren bei anderenorts klassifizierten Krankheiten Diese Kategorie sollte verwendet werden, um psychische Faktoren und Verhaltenseinflüsse zu erfassen, die eine wesentliche Rolle in der Ätiologie körperlicher Krankheiten spielen, die in anderen Kapiteln der ICD-10 klassifiziert werden. Die sich hierbei ergebenden psychischen Störungen sind meist leicht, oft lang anhaltend (wie Sorgen, emotionale Konflikte, ängstliche Erwartung) und rechtfertigen nicht die Zuordnung zu einer der anderen Kategorien des Kapitels V. Psychische Faktoren, die körperliche Störungen bewirken Beispiele für den Gebrauch dieser Kategorie sind: Asthma F54 und J45.- Beispiele für den Gebrauch dieser Kategorie sind: Colitis ulcerosa F54 und K51.- Beispiele für den Gebrauch dieser Kategorie sind: Dermatitis F54 und L23-L25 Beispiele für den Gebrauch dieser Kategorie sind: Magenulkus F54 und K25.- Beispiele für den Gebrauch dieser Kategorie sind: Reizdarmsyndrom F54 und K58.- Beispiele für den Gebrauch dieser Kategorie sind: Urtikaria F54 und L50.- Soll eine assoziierte körperliche Krankheit angegeben werden, ist eine zusätzliche Schlüsselnummer zu benutzen."
F55,"Schädlicher Gebrauch von nichtabhängigkeitserzeugenden Substanzen Eine große Zahl von Arzneimitteln und Naturheilmitteln können missbraucht werden. Die wichtigsten Gruppen sind: 1. Psychotrope Substanzen, die keine Abhängigkeit hervorrufen, z.B. Antidepressiva, 2. Laxanzien, 3. Analgetika, die ohne ärztliche Verordnung erworben werden können, z.B. Aspirin und Paracetamol. Der anhaltende Gebrauch dieser Substanzen ist oft mit unnötigen Kontakten mit medizinischen und anderen Hilfseinrichtungen verbunden und manchmal von schädlichen körperlichen Auswirkungen der Substanzen begleitet. Der Versuch, dem Gebrauch der Substanz entgegenzusteuern oder ihn zu verbieten, stößt oft auf Widerstand. Bei Laxanzien und Analgetika führt der Missbrauch trotz Warnungen vor (oder sogar trotz der Entwicklung derselben) zu körperlichen Schäden, wie Nierenfunktions- oder Elektrolytstörungen. Obwohl die betreffende Person ein starkes Verlangen nach der Substanz hat, entwickeln sich keine Abhängigkeit bzw. Entzugssymptome wie bei den unter F10-F19 klassifizierten psychotropen Substanzen. Laxanziengewöhnung Missbrauch von: Antazida Missbrauch von: Pflanzen oder Naturheilmitteln Missbrauch von: Steroiden oder Hormonen Missbrauch von: Vitaminen Antidepressiva Laxanzien Analgetika Antazida Vitamine Steroide und Hormone Pflanzen oder Naturheilmittel Sonstige Substanzen Nicht näher bezeichnete Substanz"
F59,Nicht näher bezeichnete Verhaltensauffälligkeiten bei körperlichen Störungen und Faktoren Psychogene körperliche Funktionsstörung o.n.A.
F60,"Spezifische Persönlichkeitsstörungen Es handelt sich um schwere Störungen der Persönlichkeit und des Verhaltens der betroffenen Person, die nicht direkt auf eine Hirnschädigung oder -krankheit oder auf eine andere psychiatrische Störung zurückzuführen sind. Sie erfassen verschiedene Persönlichkeitsbereiche und gehen beinahe immer mit persönlichen und sozialen Beeinträchtigungen einher. Persönlichkeitsstörungen treten meist in der Kindheit oder in der Adoleszenz in Erscheinung und bestehen während des Erwachsenenalters weiter. Paranoide Persönlichkeitsstörung Diese Persönlichkeitsstörung ist durch übertriebene Empfindlichkeit gegenüber Zurückweisung, Nachtragen von Kränkungen, durch Misstrauen, sowie eine Neigung, Erlebtes zu verdrehen gekennzeichnet, indem neutrale oder freundliche Handlungen anderer als feindlich oder verächtlich missgedeutet werden, wiederkehrende unberechtigte Verdächtigungen hinsichtlich der sexuellen Treue des Ehegatten oder Sexualpartners, schließlich durch streitsüchtiges und beharrliches Bestehen auf eigenen Rechten. Diese Personen können zu überhöhtem Selbstwertgefühl und häufiger, übertriebener Selbstbezogenheit neigen. Persönlichkeit(sstörung): expansiv-paranoid Persönlichkeit(sstörung): fanatisch Persönlichkeit(sstörung): paranoid Persönlichkeit(sstörung): querulatorisch Persönlichkeit(sstörung): sensitiv paranoid Schizoide Persönlichkeitsstörung Eine Persönlichkeitsstörung, die durch einen Rückzug von affektiven, sozialen und anderen Kontakten mit übermäßiger Vorliebe für Phantasie, einzelgängerisches Verhalten und in sich gekehrte Zurückhaltung gekennzeichnet ist. Es besteht nur ein begrenztes Vermögen, Gefühle auszudrücken und Freude zu erleben. Dissoziale Persönlichkeitsstörung Eine Persönlichkeitsstörung, die durch eine Missachtung sozialer Verpflichtungen und herzloses Unbeteiligtsein an Gefühlen für andere gekennzeichnet ist. Zwischen dem Verhalten und den herrschenden sozialen Normen besteht eine erhebliche Diskrepanz. Das Verhalten erscheint durch nachteilige Erlebnisse, einschließlich Bestrafung, nicht änderungsfähig. Es besteht eine geringe Frustrationstoleranz und eine niedrige Schwelle für aggressives, auch gewalttätiges Verhalten, eine Neigung, andere zu beschuldigen oder vordergründige Rationalisierungen für das Verhalten anzubieten, durch das der betreffende Patient in einen Konflikt mit der Gesellschaft geraten ist. Persönlichkeit(sstörung): amoralisch Persönlichkeit(sstörung): antisozial Persönlichkeit(sstörung): asozial Persönlichkeit(sstörung): psychopathisch Persönlichkeit(sstörung): soziopathisch Emotional instabile Persönlichkeitsstörung Eine Persönlichkeitsstörung mit deutlicher Tendenz, Impulse ohne Berücksichtigung von Konsequenzen auszuagieren, verbunden mit unvorhersehbarer und launenhafter Stimmung. Es besteht eine Neigung zu emotionalen Ausbrüchen und eine Unfähigkeit, impulshaftes Verhalten zu kontrollieren. Ferner besteht eine Tendenz zu streitsüchtigem Verhalten und zu Konflikten mit anderen, insbesondere wenn impulsive Handlungen durchkreuzt oder behindert werden. Zwei Erscheinungsformen können unterschieden werden: Ein impulsiver Typus, vorwiegend gekennzeichnet durch emotionale Instabilität und mangelnde Impulskontrolle; und ein Borderline- Typus, zusätzlich gekennzeichnet durch Störungen des Selbstbildes, der Ziele und der inneren Präferenzen, durch ein chronisches Gefühl von Leere, durch intensive, aber unbeständige Beziehungen und eine Neigung zu selbstdestruktivem Verhalten mit parasuizidalen Handlungen und Suizidversuchen. Histrionische Persönlichkeitsstörung Eine Persönlichkeitsstörung, die durch oberflächliche und labile Affektivität, Dramatisierung, einen theatralischen, übertriebenen Ausdruck von Gefühlen, durch Suggestibilität, Egozentrik, Genusssucht, Mangel an Rücksichtnahme, erhöhte Kränkbarkeit und ein dauerndes Verlangen nach Anerkennung, äußeren Reizen und Aufmerksamkeit gekennzeichnet ist. Persönlichkeit(sstörung): hysterisch Persönlichkeit(sstörung): infantil Anankastische [zwanghafte] Persönlichkeitsstörung Eine Persönlichkeitsstörung, die durch Gefühle von Zweifel, Perfektionismus, übertriebener Gewissenhaftigkeit, ständigen Kontrollen, Halsstarrigkeit, Vorsicht und Starrheit gekennzeichnet ist. Es können beharrliche und unerwünschte Gedanken oder Impulse auftreten, die nicht die Schwere einer Zwangsstörung erreichen. Zwanghafte Persönlichkeit(sstörung) Zwangspersönlichkeit(sstörung) Ängstliche (vermeidende) Persönlichkeitsstörung Eine Persönlichkeitsstörung, die durch Gefühle von Anspannung und Besorgtheit, Unsicherheit und Minderwertigkeit gekennzeichnet ist. Es besteht eine andauernde Sehnsucht nach Zuneigung und Akzeptiertwerden, eine Überempfindlichkeit gegenüber Zurückweisung und Kritik mit eingeschränkter Beziehungsfähigkeit. Die betreffende Person neigt zur Überbetonung potentieller Gefahren oder Risiken alltäglicher Situationen bis zur Vermeidung bestimmter Aktivitäten. Abhängige (asthenische) Persönlichkeitsstörung Personen mit dieser Persönlichkeitsstörung verlassen sich bei kleineren oder größeren Lebensentscheidungen passiv auf andere Menschen. Die Störung ist ferner durch große Trennungsangst, Gefühle von Hilflosigkeit und Inkompetenz, durch eine Neigung, sich den Wünschen älterer und anderer unterzuordnen sowie durch ein Versagen gegenüber den Anforderungen des täglichen Lebens gekennzeichnet. Die Kraftlosigkeit kann sich im intellektuellen emotionalen Bereich zeigen; bei Schwierigkeiten besteht die Tendenz, die Verantwortung anderen zuzuschieben. Persönlichkeit(sstörung): asthenisch Persönlichkeit(sstörung): inadäquat Persönlichkeit(sstörung): passiv Persönlichkeit(sstörung): selbstschädigend Sonstige spezifische Persönlichkeitsstörungen Persönlichkeit(sstörung): exzentrisch Persönlichkeit(sstörung): haltlos Persönlichkeit(sstörung): narzisstisch Persönlichkeit(sstörung): passiv-aggressiv Persönlichkeit(sstörung): psychoneurotisch Persönlichkeit(sstörung): unreif Persönlichkeitsstörung, nicht näher bezeichnet Charakterneurose o.n.A. Pathologische Persönlichkeit o.n.A."
F61,"Kombinierte und andere Persönlichkeitsstörungen Diese Kategorie ist vorgesehen für Persönlichkeitsstörungen, die häufig zu Beeinträchtigungen führen, aber nicht die spezifischen Symptombilder der in F60.- beschriebenen Störungen aufweisen. Daher sind sie häufig schwieriger als die Störungen in F60.- zu diagnostizieren. Beispiele: Kombinierte Persönlichkeitsstörungen mit Merkmalen aus verschiedenen der unter F60.- aufgeführten Störungen, jedoch ohne ein vorherrschendes Symptombild, das eine genauere Diagnose ermöglichen würde. Störende Persönlichkeitsänderungen, die nicht in F60.- oder F62.- einzuordnen sind, und Zweitdiagnosen zu bestehenden Affekt- oder Angststörung sind."
F62,"Andauernde Persönlichkeitsänderungen, nicht Folge einer Schädigung oder Krankheit des Gehirns Persönlichkeits- und Verhaltensstörungen ohne vorbestehende Persönlichkeitsstörung nach extremer oder übermäßiger, anhaltender Belastung oder schweren psychiatrischen Krankheiten. Diese Diagnosen sollten nur dann gestellt werden, wenn Hinweise auf eine eindeutige und andauernde Veränderung in der Wahrnehmung sowie im Verhalten und Denken bezüglich der Umwelt und der eigenen Person vorliegen. Die Persönlichkeitsänderung sollte deutlich ausgeprägt sein und mit einem unflexiblen und fehlangepassten Verhalten verbunden sein, das vor der pathogenen Erfahrung nicht bestanden hat. Die Änderung sollte nicht Ausdruck einer anderen psychischen Störung oder Residualsymptom einer vorangegangenen psychischen Störung sein. Andauernde Persönlichkeitsänderung nach Extrembelastung Eine andauernde, wenigstens über zwei Jahre bestehende Persönlichkeitsänderung kann einer Belastung katastrophalen Ausmaßes folgen. Die Belastung muss extrem sein, dass die Vulnerabilität der betreffenden Person als Erklärung für die tief greifende Auswirkung auf die Persönlichkeit nicht in Erwägung gezogen werden muss. Die Störung ist durch eine feindliche oder misstrauische Haltung gegenüber der Welt, durch sozialen Rückzug, Gefühle der Leere oder Hoffnungslosigkeit, ein chronisches Gefühl der Anspannung wie bei ständigem Bedrohtsein und Entfremdungsgefühl, gekennzeichnet. Eine posttraumatische Belastungsstörung (F43.1) kann dieser Form der Persönlichkeitsänderung vorausgegangen sein. Persönlichkeitsänderungen nach: andauerndem Ausgesetztsein lebensbedrohlicher Situationen, etwa als Opfer von Terrorismus Persönlichkeitsänderungen nach: andauernder Gefangenschaft mit unmittelbarer Todesgefahr Persönlichkeitsänderungen nach: Folter Persönlichkeitsänderungen nach: Katastrophen Persönlichkeitsänderungen nach: Konzentrationslagererfahrungen Andauernde Persönlichkeitsänderung nach psychischer Krankheit Eine auf der traumatischen Erfahrung einer schweren psychiatrischen Krankheit beruhende, wenigstens über zwei Jahre bestehende Persönlichkeitsänderung. Die Änderung kann nicht durch eine vorbestehende Persönlichkeitsstörung erklärt werden und sollte vom Residualzustand einer Schizophrenie und anderen Zustandsbildern unvollständiger Rückbildung einer vorausgegangenen psychischen Störung unterschieden werden. Die Störung ist gekennzeichnet durch eine hochgradige Abhängigkeit sowie Anspruchs- und Erwartungshaltung gegenüber anderen, eine Überzeugung, durch die Krankheit verändert oder stigmatisiert worden zu sein. Dies führt zu einer Unfähigkeit, enge und vertrauensvolle persönliche Beziehungen aufzunehmen und beizubehalten, sowie zu sozialer Isolation. Ferner finden sich Passivität, verminderte Interessen und Vernachlässigung von Freizeitbeschäftigungen, ständige Beschwerden über das Kranksein, oft verbunden mit hypochondrischen Klagen und kränkelndem Verhalten, dysphorische oder labile Stimmung, die nicht auf dem Vorliegen einer gegenwärtigen psychischen Störung oder einer vorausgegangenen psychischen Störung mit affektiven Residualsymptomen beruht. Schließlich bestehen seit längerer Zeit Probleme in der sozialen und beruflichen Funktionsfähigkeit. Sonstige andauernde Persönlichkeitsänderungen Andauernde Persönlichkeitsänderung, nicht näher bezeichnet"
F63,"Abnorme Gewohnheiten und Störungen der Impulskontrolle In dieser Kategorie sind verschiedene nicht an anderer Stelle klassifizierbare Verhaltensstörungen zusammengefasst. Sie sind durch wiederholte Handlungen ohne vernünftige Motivation gekennzeichnet, die nicht kontrolliert werden können und die meist die Interessen des betroffenen Patienten oder anderer Menschen schädigen. Der betroffene Patient berichtet von impulshaftem Verhalten. Die Ursachen dieser Störungen sind unklar, sie sind wegen deskriptiver Ähnlichkeiten hier gemeinsam aufgeführt, nicht weil sie andere wichtige Merkmale teilen. Pathologisches Spielen Die Störung besteht in häufigem und wiederholtem episodenhaften Glücksspiel, das die Lebensführung des betroffenen Patienten beherrscht und zum Verfall der sozialen, beruflichen, materiellen und familiären Werte und Verpflichtungen führt. Zwanghaftes Spielen Pathologische Brandstiftung [Pyromanie] Die Störung ist durch häufige tatsächliche oder versuchte Brandstiftung an Gebäuden oder anderem Eigentum ohne verständliches Motiv und durch eine anhaltende Beschäftigung der betroffenen Person mit Feuer und Brand charakterisiert. Das Verhalten ist häufig mit wachsender innerer Spannung vor der Handlung und starker Erregung sofort nach ihrer Ausführung verbunden. Pathologisches Stehlen [Kleptomanie] Die Störung charakterisiert wiederholtes Versagen Impulsen zu widerstehen, Dinge zu stehlen, die nicht dem persönlichen Gebrauch oder der Bereicherung dienen. Statt dessen werden die Gegenstände weggeworfen, weggegeben oder gehortet. Dieses Verhalten ist meist mit wachsender innerer Spannung vor der Handlung und einem Gefühl von Befriedigung während und sofort nach der Tat verbunden. Trichotillomanie Bei dieser Störung kommt es nach immer wieder misslungenem Versuch, sich gegen Impulse zum Ausreißen der Haare zu wehren, zu einem beachtlichen Haarverlust. Das Ausreißen der Haare ist häufig mit dem Gefühl wachsender Spannung verbunden und einem anschließenden Gefühl von Erleichterung und Befriedigung. Diese Diagnose soll nicht gestellt werden, wenn zuvor eine Hautentzündung bestand oder wenn das Ausreißen der Haare eine Reaktion auf ein Wahnphänomen oder eine Halluzination ist. Sonstige abnorme Gewohnheiten und Störungen der Impulskontrolle In diese Kategorie fallen andere Arten sich dauernd wiederholenden unangepassten Verhaltens, die nicht Folge eines erkennbaren psychiatrischen Syndroms sind und bei denen der betroffene Patient den Impulsen, das pathologische Verhalten auszuführen, nicht widerstehen kann. Nach einer vorausgehenden Periode mit Anspannung folgt während des Handlungsablaufs ein Gefühl der Erleichterung. Störung mit intermittierend auftretender Reizbarkeit Abnorme Gewohnheit und Störung der Impulskontrolle, nicht näher bezeichnet"
F64,"Störungen der Geschlechtsidentität Transsexualismus Der Wunsch, als Angehöriger des anderen Geschlechtes zu leben und anerkannt zu werden. Dieser geht meist mit Unbehagen oder dem Gefühl der Nichtzugehörigkeit zum eigenen anatomischen Geschlecht einher. Es besteht der Wunsch nach chirurgischer und hormoneller Behandlung, um den eigenen Körper dem bevorzugten Geschlecht soweit wie möglich anzugleichen. Transvestitismus unter Beibehaltung beider Geschlechtsrollen Tragen gegengeschlechtlicher Kleidung, um die zeitweilige Erfahrung der Zugehörigkeit zum anderen Geschlecht zu erleben. Der Wunsch nach dauerhafter Genitalorganumwandlung oder chirurgischer Korrektur besteht nicht; der Kleiderwechsel ist nicht von sexueller Erregung begleitet. Störung der Geschlechtsidentität in der Adoleszenz oder im Erwachsenenalter, nicht transsexueller Typus Störung der Geschlechtsidentität des Kindesalters Diese Störung zeigt sich während der frühen Kindheit, immer lange vor der Pubertät. Sie ist durch ein anhaltendes und starkes Unbehagen über das zugefallene Geschlecht gekennzeichnet, zusammen mit dem Wunsch oder der ständigen Beteuerung, zum anderen Geschlecht zu gehören. Es besteht eine andauernde Beschäftigung mit der Kleidung oder den Aktivitäten des anderen Geschlechtes und eine Ablehnung des eigenen Geschlechtes. Die Diagnose erfordert eine tief greifende Störung der normalen Geschlechtsidentität; eine bloße Knabenhaftigkeit bei Mädchen und ein mädchenhaftes Verhalten bei Jungen sind nicht ausreichend. Geschlechtsidentitätsstörungen bei Personen, welche die Pubertät erreicht haben oder gerade erreichen, sind nicht hier, sondern unter F66.- zu klassifizieren. Sonstige Störungen der Geschlechtsidentität Störung der Geschlechtsidentität, nicht näher bezeichnet Störung der Geschlechtsrolle o.n.A."
F65,"Störungen der Sexualpräferenz Paraphilie Fetischismus Gebrauch toter Objekte als Stimuli für die sexuelle Erregung und Befriedigung. Viele Fetische stellen eine Erweiterung des menschlichen Körpers dar, z.B. Kleidungsstücke oder Schuhwerk. Andere gebräuchliche Beispiele sind Gegenstände aus Gummi, Plastik oder Leder. Die Fetischobjekte haben individuell wechselnde Bedeutung. In einigen Fällen dienen sie lediglich der Verstärkung der auf üblichem Wege erreichten sexuellen Erregung (z.B. wenn der Partner ein bestimmtes Kleidungsstück tragen soll). Fetischistischer Transvestitismus Zur Erreichung sexueller Erregung wird Kleidung des anderen Geschlechts getragen; damit wird der Anschein erweckt, dass es sich um eine Person des anderen Geschlechts handelt. Fetischistischer Transvestitismus unterscheidet sich vom transsexuellen Transvestitismus durch die deutliche Kopplung an sexuelle Erregung und das starke Verlangen, die Kleidung nach dem eingetretenen Orgasmus und dem Nachlassen der sexuellen Erregung abzulegen. Er kann als eine frühere Phase in der Entwicklung eines Transsexualismus auftreten. Transvestitischer Fetischismus Exhibitionismus Die wiederkehrende oder anhaltende Neigung, die eigenen Genitalien vor meist gegengeschlechtlichen Fremden in der Öffentlichkeit zu entblößen, ohne zu einem näheren Kontakt aufzufordern oder diesen zu wünschen. Meist wird das Zeigen von sexueller Erregung begleitet und im Allgemeinen kommt es zu nachfolgender Masturbation. Voyeurismus Wiederkehrender oder anhaltender Drang, anderen Menschen bei sexuellen Aktivitäten oder intimen Tätigkeiten, z.B. Entkleiden, zuzusehen ohne Wissen der beobachteten Person. Zumeist führt dies beim Beobachtenden zu sexueller Erregung und Masturbation. Pädophilie Sexuelle Präferenz für Kinder, Jungen oder Mädchen oder Kinder beiderlei Geschlechts, die sich meist in der Vorpubertät oder in einem frühen Stadium der Pubertät befinden. Sadomasochismus Es werden sexuelle Aktivitäten mit Zufügung von Schmerzen, Erniedrigung oder Fesseln bevorzugt. Wenn die betroffene Person diese Art der Stimulation erleidet, handelt es sich um Masochismus; wenn sie sie jemand anderem zufügt, um Sadismus. Oft empfindet die betroffene Person sowohl bei masochistischen als auch sadistischen Aktivitäten sexuelle Erregung. Masochismus Sadismus Multiple Störungen der Sexualpräferenz In manchen Fällen bestehen bei einer Person mehrere abnorme sexuelle Präferenzen, ohne dass eine im Vordergrund steht. Die häufigste Kombination ist Fetischismus, Transvestitismus und Sadomasochismus. Sonstige Störungen der Sexualpräferenz Hier sind eine Vielzahl anderer sexueller Präferenzen und Aktivitäten zu klassifizieren wie obszöne Telefonanrufe, Pressen des eigenen Körpers an andere Menschen zur sexuellen Stimulation in Menschenansammlungen, sexuelle Handlungen an Tieren, Strangulieren und Nutzung der Anoxie zur Steigerung der sexuellen Erregung. Frotteurismus Nekrophilie Störung der Sexualpräferenz, nicht näher bezeichnet Sexuelle Deviation o.n.A."
F66,"Psychische und Verhaltensstörungen in Verbindung mit der sexuellen Entwicklung und Orientierung Sexuelle Reifungskrise Die betroffene Person leidet unter einer Unsicherheit hinsichtlich ihrer Geschlechtsidentität oder sexuellen Orientierung, mit Ängsten oder Depressionen. Meist kommt dies bei Heranwachsenden vor, die sich hinsichtlich ihrer homo-, hetero- oder bisexuellen Orientierung nicht sicher sind; oder bei Menschen, die nach einer Zeit scheinbar stabiler sexueller Orientierung, oftmals in einer lange dauernden Beziehung, die Erfahrung machen, dass sich ihre sexuelle Orientierung ändert. Ichdystone Sexualorientierung Die Geschlechtsidentität oder sexuelle Ausrichtung (heterosexuell, homosexuell, bisexuell oder präpubertär) ist eindeutig, aber die betroffene Person hat den Wunsch, dass diese wegen begleitender psychischer oder Verhaltensstörungen anders wäre und unterzieht sich möglicherweise einer Behandlung, um diese zu ändern. Sexuelle Beziehungsstörung Die Geschlechtsidentität oder sexuelle Orientierung (heterosexuell, homosexuell oder bisexuell) bereitet bei der Aufnahme oder Aufrechterhaltung einer Beziehung mit einem Sexualpartner Probleme. Sonstige psychische und Verhaltensstörungen in Verbindung mit der sexuellen Entwicklung und Orientierung Psychische und Verhaltensstörung in Verbindung mit der sexuellen Entwicklung und Orientierung, nicht näher bezeichnet"
F68,"Andere Persönlichkeits- und Verhaltensstörungen Entwicklung körperlicher Symptome aus psychischen Gründen Körperliche Symptome, vereinbar mit und ursprünglich verursacht durch eine belegbare körperliche Störung, Krankheit oder Behinderung werden wegen des psychischen Zustandes der betroffenen Person aggraviert oder halten länger an. Der betroffene Patient ist meist durch die Schmerzen oder die Behinderung beeinträchtigt; sie wird beherrscht von mitunter berechtigten Sorgen über längerdauernde oder zunehmende Behinderung oder Schmerzen. Rentenneurose Artifizielle Störung [absichtliches Erzeugen oder Vortäuschen von körperlichen oder psychischen Symptomen oder Behinderungen] Der betroffene Patient täuscht Symptome wiederholt ohne einleuchtenden Grund vor und kann sich sogar, um Symptome oder klinische Zeichen hervorzurufen, absichtlich selbst beschädigen. Die Motivation ist unklar, vermutlich besteht das Ziel, die Krankenrolle einzunehmen. Die Störung ist oft mit deutlichen Persönlichkeits- und Beziehungsstörungen kombiniert. Durch Institutionen wandernder Patient [peregrinating patient] Hospital-hopper-Syndrom Münchhausen-Syndrom Sonstige näher bezeichnete Persönlichkeits- und Verhaltensstörungen Charakterstörung o.n.A. Störung zwischenmenschlicher Beziehung o.n.A."
F69,Nicht näher bezeichnete Persönlichkeits- und Verhaltensstörung
F70,"Leichte Intelligenzminderung IQ-Bereich von 50-69 (bei Erwachsenen Intelligenzalter von 9 bis unter 12 Jahren). Lernschwierigkeiten in der Schule. Viele Erwachsene können arbeiten, gute soziale Beziehungen unterhalten und ihren Beitrag zur Gesellschaft leisten. Debilität Leichte geistige Behinderung"
F71,Mittelgradige Intelligenzminderung IQ-Bereich von 35-49 (bei Erwachsenen Intelligenzalter von 6 bis unter 9 Jahren). Deutliche Entwicklungsverzögerung in der Kindheit. Die meisten können aber ein gewisses Maß an Unabhängigkeit erreichen und eine ausreichende Kommunikationsfähigkeit und Ausbildung erwerben. Erwachsene brauchen in unterschiedlichem Ausmaß Unterstützung im täglichen Leben und bei der Arbeit. Mittelgradige geistige Behinderung
F72,Schwere Intelligenzminderung IQ-Bereich von 20-34 (bei Erwachsenen Intelligenzalter von 3 bis unter 6 Jahren). Andauernde Unterstützung ist notwendig. Schwere geistige Behinderung
F73,"Schwerste Intelligenzminderung IQ unter 20 (bei Erwachsenen Intelligenzalter unter 3 Jahren). Die eigene Versorgung, Kontinenz, Kommunikation und Beweglichkeit sind hochgradig beeinträchtigt. Schwerste geistige Behinderung"
F74,Dissoziierte Intelligenz Es besteht eine deutliche Diskrepanz (mindestens 15 IQ-Punkte) z.B. zwischen Sprach-IQ und Handlungs-IQ.
F78,"Andere Intelligenzminderung Diese Kategorie soll nur verwendet werden, wenn die Beurteilung der Intelligenzminderung mit Hilfe der üblichen Verfahren wegen begleitender sensorischer oder körperlicher Beeinträchtigungen besonders schwierig oder unmöglich ist, wie bei Blinden, Taubstummen, schwer verhaltensgestörten oder körperlich behinderten Personen."
F79,"Nicht näher bezeichnete Intelligenzminderung Die Informationen sind nicht ausreichend, die Intelligenzminderung in eine der oben genannten Kategorien einzuordnen. Geistig: Behinderung o.n.A. Geistig: Defizite o.n.A."
F80,"Umschriebene Entwicklungsstörungen des Sprechens und der Sprache Es handelt sich um Störungen, bei denen die normalen Muster des Spracherwerbs von frühen Entwicklungsstadien an beeinträchtigt sind. Die Störungen können nicht direkt neurologischen Störungen oder Veränderungen des Sprachablaufs, sensorischen Beeinträchtigungen, Intelligenzminderung oder Umweltfaktoren zugeordnet werden. Umschriebene Entwicklungsstörungen des Sprechens und der Sprache ziehen oft sekundäre Folgen nach sich, wie Schwierigkeiten beim Lesen und Rechtschreiben, Störungen im Bereich der zwischenmenschlichen Beziehungen, im emotionalen und Verhaltensbereich. Artikulationsstörung Eine umschriebene Entwicklungsstörung, bei der die Artikulation des Kindes unterhalb des seinem Intelligenzalter angemessenen Niveaus liegt, seine sprachlichen Fähigkeiten jedoch im Normbereich liegen. Dyslalie Entwicklungsbedingte Artikulationsstörung Funktionelle Artikulationsstörung Lallen Phonologische Entwicklungsstörung Expressive Sprachstörung Eine umschriebene Entwicklungsstörung, bei der die Fähigkeit des Kindes, die expressiv gesprochene Sprache zu gebrauchen, deutlich unterhalb des seinem Intelligenzalter angemessenen Niveaus liegt, das Sprachverständnis liegt jedoch im Normbereich. Störungen der Artikulation können vorkommen. Entwicklungsbedingte Dysphasie oder Aphasie, expressiver Typ Rezeptive Sprachstörung Eine umschriebene Entwicklungsstörung, bei der das Sprachverständnis des Kindes unterhalb des seinem Intelligenzalter angemessenen Niveaus liegt. In praktisch allen Fällen ist auch die expressive Sprache deutlich beeinflusst, Störungen in der Wort-Laut-Produktion sind häufig. Angeborene fehlende akustische Wahrnehmung Entwicklungsbedingt: Dysphasie oder Aphasie, rezeptiver Typ Entwicklungsbedingt: Wernicke-Aphasie Worttaubheit Erworbene Aphasie mit Epilepsie [Landau-Kleffner-Syndrom] Eine Störung, bei der ein Kind, welches vorher normale Fortschritte in der Sprachentwicklung gemacht hatte, sowohl rezeptive als auch expressive Sprachfertigkeiten verliert, die allgemeine Intelligenz aber erhalten bleibt. Der Beginn der Störung wird von paroxysmalen Auffälligkeiten im EEG begleitet und in der Mehrzahl der Fälle auch von epileptischen Anfällen. Typischerweise liegt der Beginn im Alter von 3-7 Jahren mit einem Verlust der Sprachfertigkeiten innerhalb von Tagen oder Wochen. Der zeitliche Zusammenhang zwischen dem Beginn der Krampfanfälle und dem Verlust der Sprache ist variabel, wobei das eine oder das andere um ein paar Monate bis zu zwei Jahren vorausgehen kann. Als möglicher Grund für diese Störung ist ein entzündlicher enzephalitischer Prozess zu vermuten. Etwa zwei Drittel der Patienten behalten einen mehr oder weniger rezeptiven Sprachdefekt. Sonstige Entwicklungsstörungen des Sprechens oder der Sprache Lispeln Entwicklungsstörung des Sprechens oder der Sprache, nicht näher bezeichnet Sprachstörung o.n.A."
F81,"Umschriebene Entwicklungsstörungen schulischer Fertigkeiten Es handelt sich um Störungen, bei denen die normalen Muster des Fertigkeitserwerbs von frühen Entwicklungsstadien an gestört sind. Dies ist nicht einfach Folge eines Mangels an Gelegenheit zu lernen; es ist auch nicht allein als Folge einer Intelligenzminderung oder irgendeiner erworbenen Hirnschädigung oder -krankheit aufzufassen. Lese- und Rechtschreibstörung Das Hauptmerkmal ist eine umschriebene und bedeutsame Beeinträchtigung in der Entwicklung der Lesefertigkeiten, die nicht allein durch das Entwicklungsalter, Visusprobleme oder unangemessene Beschulung erklärbar ist. Das Leseverständnis, die Fähigkeit, gelesene Worte wieder zu erkennen, vorzulesen und Leistungen, für welche Lesefähigkeit nötig ist, können sämtlich betroffen sein. Bei umschriebenen Lesestörungen sind Rechtschreibstörungen häufig und persistieren oft bis in die Adoleszenz, auch wenn einige Fortschritte im Lesen gemacht werden. Umschriebenen Entwicklungsstörungen des Lesens gehen Entwicklungsstörungen des Sprechens oder der Sprache voraus. Während der Schulzeit sind begleitende Störungen im emotionalen und Verhaltensbereich häufig. Entwicklungsdyslexie Umschriebene Lesestörung ""Leserückstand"" Isolierte Rechtschreibstörung Es handelt sich um eine Störung, deren Hauptmerkmal in einer umschriebenen und bedeutsamen Beeinträchtigung der Entwicklung von Rechtschreibfertigkeiten besteht, ohne Vorgeschichte einer Lesestörung. Sie ist nicht allein durch ein zu niedriges Intelligenzalter, durch Visusprobleme oder unangemessene Beschulung erklärbar. Die Fähigkeiten, mündlich zu buchstabieren und Wörter korrekt zu schreiben, sind beide betroffen. Umschriebene Verzögerung der Rechtschreibfähigkeit (ohne Lesestörung) Rechenstörung Diese Störung besteht in einer umschriebenen Beeinträchtigung von Rechenfertigkeiten, die nicht allein durch eine allgemeine Intelligenzminderung oder eine unangemessene Beschulung erklärbar ist. Das Defizit betrifft vor allem die Beherrschung grundlegender Rechenfertigkeiten, wie Addition, Subtraktion, Multiplikation und Division, weniger die höheren mathematischen Fertigkeiten, die für Algebra, Trigonometrie, Geometrie oder Differential- und Integralrechnung benötigt werden. Entwicklungsbedingtes Gerstmann-Syndrom Entwicklungsstörung des Rechnens Entwicklungs-Akalkulie Kombinierte Störungen schulischer Fertigkeiten Dies ist eine schlecht definierte Restkategorie für Störungen mit deutlicher Beeinträchtigung der Rechen-, der Lese- und der Rechtschreibfähigkeiten. Die Störung ist jedoch nicht allein durch eine allgemeine Intelligenzminderung oder eine unangemessene Beschulung erklärbar. Sie soll für Störungen verwendet werden, die die Kriterien für F81.2 und F81.0 oder F81.1 erfüllen. Sonstige Entwicklungsstörungen schulischer Fertigkeiten Entwicklungsbedingte expressive Schreibstörung Entwicklungsstörung schulischer Fertigkeiten, nicht näher bezeichnet Lernbehinderung o.n.A. Lernstörung o.n.A. Störung des Wissenserwerbs o.n.A."
F82,"Umschriebene Entwicklungsstörung der motorischen Funktionen Hauptmerkmal ist eine schwerwiegende Entwicklungsbeeinträchtigung der motorischen Koordination, die nicht allein durch eine Intelligenzminderung oder eine spezifische angeborene oder erworbene neurologische Störung erklärbar ist. In den meisten Fällen zeigt eine sorgfältige klinische Untersuchung dennoch deutliche entwicklungsneurologische Unreifezeichen wie choreoforme Bewegungen freigehaltener Glieder oder Spiegelbewegungen und andere begleitende motorische Merkmale, ebenso wie Zeichen einer mangelhaften fein- oder grobmotorischen Koordination. Entwicklungsbedingte Koordinationsstörung Entwicklungsdyspraxie Syndrom des ungeschickten Kindes Umschriebene Entwicklungsstörung der Grobmotorik Umschriebene Entwicklungsstörung der Fein- und Graphomotorik Umschriebene Entwicklungsstörung der Mundmotorik Umschriebene Entwicklungsstörung der motorischen Funktionen, nicht näher bezeichnet"
F83,"Kombinierte umschriebene Entwicklungsstörungen Dies ist eine Restkategorie für Störungen, bei denen eine gewisse Mischung von umschriebenen Entwicklungsstörungen des Sprechens und der Sprache, schulischer Fertigkeiten und motorischer Funktionen vorliegt, von denen jedoch keine so dominiert, dass sie eine Hauptdiagnose rechtfertigt. Diese Mischkategorie soll nur dann verwendet werden, wenn weitgehende Überschneidungen mit allen diesen umschriebenen Entwicklungsstörungen vorliegen. Meist sind die Störungen mit einem gewissen Grad an allgemeiner Beeinträchtigung kognitiver Funktionen verbunden. Sie ist also dann zu verwenden, wenn Funktionsstörungen vorliegen, welche die Kriterien von zwei oder mehr Kategorien von F80.-, F81.- und F82 erfüllen."
F84,"Tief greifende Entwicklungsstörungen Diese Gruppe von Störungen ist gekennzeichnet durch qualitative Abweichungen in den wechselseitigen sozialen Interaktionen und Kommunikationsmustern und durch ein eingeschränktes, stereotypes, sich wiederholendes Repertoire von Interessen und Aktivitäten. Diese qualitativen Auffälligkeiten sind in allen Situationen ein grundlegendes Funktionsmerkmal des betroffenen Kindes. Sollen alle begleitenden somatischen Zustandsbilder und eine Intelligenzminderung angegeben werden, sind zusätzliche Schlüsselnummern zu benutzen. Frühkindlicher Autismus Diese Form der tief greifenden Entwicklungsstörung ist durch eine abnorme oder beeinträchtigte Entwicklung definiert, die sich vor dem dritten Lebensjahr manifestiert. Sie ist außerdem gekennzeichnet durch ein charakteristisches Muster abnormer Funktionen in den folgenden psychopathologischen Bereichen: in der sozialen Interaktion, der Kommunikation und im eingeschränkten stereotyp repetitiven Verhalten. Neben diesen spezifischen diagnostischen Merkmalen zeigt sich häufig eine Vielzahl unspezifischer Probleme, wie Phobien, Schlaf- und Essstörungen, Wutausbrüche und (autodestruktive) Aggression. Autistische Störung Frühkindliche Psychose Infantiler Autismus Kanner-Syndrom Atypischer Autismus Diese Form der tief greifenden Entwicklungsstörung unterscheidet sich vom frühkindlichen Autismus entweder durch das Alter bei Krankheitsbeginn oder dadurch, dass die diagnostischen Kriterien nicht in allen genannten Bereichen erfüllt werden. Diese Subkategorie sollte immer dann verwendet werden, wenn die abnorme oder beeinträchtigte Entwicklung erst nach dem dritten Lebensjahr manifest wird und wenn nicht in allen für die Diagnose Autismus geforderten psychopathologischen Bereichen (nämlich wechselseitige soziale Interaktionen, Kommunikation und eingeschränktes, stereotyp repetitives Verhalten) Auffälligkeiten nachweisbar sind, auch wenn charakteristische Abweichungen auf anderen Gebieten vorliegen. Atypischer Autismus tritt sehr häufig bei schwer retardierten bzw. unter einer schweren rezeptiven Störung der Sprachentwicklung leidenden Patienten auf. Atypische kindliche Psychose Intelligenzminderung mit autistischen Zügen Soll eine Intelligenzstörung angegeben werden, ist eine zusätzliche Schlüsselnummer (F70-F79) zu benutzen. Rett-Syndrom Dieses Zustandsbild wurde bisher nur bei Mädchen beschrieben; nach einer scheinbar normalen frühen Entwicklung erfolgt ein teilweiser oder vollständiger Verlust der Sprache, der lokomotorischen Fähigkeiten und der Gebrauchsfähigkeiten der Hände gemeinsam mit einer Verlangsamung des Kopfwachstums. Der Beginn dieser Störung liegt zwischen dem 7. und 24. Lebensmonat. Der Verlust zielgerichteter Handbewegungen, Stereotypien in Form von Drehbewegungen der Hände und Hyperventilation sind charakteristisch. Sozial- und Spielentwicklung sind gehemmt, das soziale Interesse bleibt jedoch erhalten. Im 4. Lebensjahr beginnt sich eine Rumpfataxie und Apraxie zu entwickeln, choreo-athetoide Bewegungen folgen häufig. Es resultiert fast immer eine schwere Intelligenzminderung. Andere desintegrative Störung des Kindesalters Diese Form einer tief greifenden Entwicklungsstörung ist - anders als das Rett-Syndrom - durch eine Periode einer zweifellos normalen Entwicklung vor dem Beginn der Krankheit definiert. Es folgt ein Verlust vorher erworbener Fertigkeiten verschiedener Entwicklungsbereiche innerhalb weniger Monate. Typischerweise wird die Störung von einem allgemeinen Interessenverlust an der Umwelt, von stereotypen, sich wiederholenden motorischen Manierismen und einer autismusähnlichen Störung sozialer Interaktionen und der Kommunikation begleitet. In einigen Fällen kann die Störung einer begleitenden Enzephalopathie zugeschrieben werden, die Diagnose ist jedoch anhand der Verhaltensmerkmale zu stellen. Dementia infantilis Desintegrative Psychose Heller-Syndrom Symbiotische Psychose Soll eine begleitende neurologische Krankheit angegeben werden, ist eine zusätzliche Schlüsselnummer zu benutzen. Überaktive Störung mit Intelligenzminderung und Bewegungsstereotypien Dies ist eine schlecht definierte Störung von unsicherer nosologischer Validität. Diese Kategorie wurde für eine Gruppe von Kindern mit schwerer Intelligenzminderung (IQ unter 35) eingeführt, mit erheblicher Hyperaktivität, Aufmerksamkeitsstörungen und stereotypen Verhaltensweisen. Sie haben meist keinen Nutzen von Stimulanzien (anders als Kinder mit einem IQ im Normbereich) und können auf eine Verabreichung von Stimulanzien eine schwere dysphorische Reaktion - manchmal mit psychomotorischer Entwicklungsverzögerung - zeigen. In der Adoleszenz kann sich die Hyperaktivität in eine verminderte Aktivität wandeln, ein Muster, das bei hyperkinetischen Kindern mit normaler Intelligenz nicht üblich ist. Das Syndrom wird häufig von einer Vielzahl von umschriebenen oder globalen Entwicklungsverzögerungen begleitet. Es ist nicht bekannt, in welchem Umfang das Verhaltensmuster dem niedrigen IQ oder einer organischen Hirnschädigung zuzuschreiben ist. Asperger-Syndrom Diese Störung von unsicherer nosologischer Validität ist durch dieselbe Form qualitativer Abweichungen der wechselseitigen sozialen Interaktionen, wie für den Autismus typisch, charakterisiert, zusammen mit einem eingeschränkten, stereotypen, sich wiederholenden Repertoire von Interessen und Aktivitäten. Die Störung unterscheidet sich vom Autismus in erster Linie durch fehlende allgemeine Entwicklungsverzögerung bzw. den fehlenden Entwicklungsrückstand der Sprache und der kognitiven Entwicklung. Die Störung geht häufig mit einer auffallenden Ungeschicklichkeit einher. Die Abweichungen tendieren stark dazu, bis in die Adoleszenz und das Erwachsenenalter zu persistieren. Gelegentlich treten psychotische Episoden im frühen Erwachsenenleben auf. Autistische Psychopathie Schizoide Störung des Kindesalters Sonstige tief greifende Entwicklungsstörungen Tief greifende Entwicklungsstörung, nicht näher bezeichnet"
F88,Andere Entwicklungsstörungen Entwicklungsbedingte Agnosie
F89,Nicht näher bezeichnete Entwicklungsstörung Entwicklungsstörung o.n.A.
F90,"Hyperkinetische Störungen Diese Gruppe von Störungen ist charakterisiert durch einen frühen Beginn, meist in den ersten fünf Lebensjahren, einen Mangel an Ausdauer bei Beschäftigungen, die kognitiven Einsatz verlangen, und eine Tendenz, von einer Tätigkeit zu einer anderen zu wechseln, ohne etwas zu Ende zu bringen; hinzu kommt eine desorganisierte, mangelhaft regulierte und überschießende Aktivität. Verschiedene andere Auffälligkeiten können zusätzlich vorliegen. Hyperkinetische Kinder sind oft achtlos und impulsiv, neigen zu Unfällen und werden oft bestraft, weil sie eher aus Unachtsamkeit als vorsätzlich Regeln verletzen. Ihre Beziehung zu Erwachsenen ist oft von einer Distanzstörung und einem Mangel an normaler Vorsicht und Zurückhaltung geprägt. Bei anderen Kindern sind sie unbeliebt und können isoliert sein. Beeinträchtigung kognitiver Funktionen ist häufig, spezifische Verzögerungen der motorischen und sprachlichen Entwicklung kommen überproportional oft vor. Sekundäre Komplikationen sind dissoziales Verhalten und niedriges Selbstwertgefühl. Einfache Aktivitäts- und Aufmerksamkeitsstörung Aufmerksamkeitsdefizit bei: hyperaktivem Syndrom Aufmerksamkeitsdefizit bei: Hyperaktivitätsstörung Aufmerksamkeitsdefizit bei: Störung mit Hyperaktivität Hyperkinetische Störung des Sozialverhaltens Hyperkinetische Störung verbunden mit Störung des Sozialverhaltens Sonstige hyperkinetische Störungen Hyperkinetische Störung, nicht näher bezeichnet Hyperkinetische Reaktion der Kindheit oder des Jugendalters o.n.A. Hyperkinetisches Syndrom o.n.A."
F91,"Störungen des Sozialverhaltens Störungen des Sozialverhaltens sind durch ein sich wiederholendes und anhaltendes Muster dissozialen, aggressiven und aufsässigen Verhaltens charakterisiert. Dieses Verhalten übersteigt mit seinen gröberen Verletzungen die altersentsprechenden sozialen Erwartungen. Es ist also schwerwiegender als gewöhnlicher kindischer Unfug oder jugendliche Aufmüpfigkeit. Das anhaltende Verhaltensmuster muss mindestens sechs Monate oder länger bestanden haben. Störungen des Sozialverhaltens können auch bei anderen psychiatrischen Krankheiten auftreten, in diesen Fällen ist die zugrunde liegende Diagnose zu verwenden. Beispiele für Verhaltensweisen, welche diese Diagnose begründen, umfassen ein extremes Maß an Streiten oder Tyrannisieren, Grausamkeit gegenüber anderen Personen oder Tieren, erhebliche Destruktivität gegenüber Eigentum, Feuerlegen, Stehlen, häufiges Lügen, Schulschwänzen oder Weglaufen von zu Hause, ungewöhnlich häufige und schwere Wutausbrüche und Ungehorsam. Jedes dieser Beispiele ist bei erheblicher Ausprägung ausreichend für die Diagnose, nicht aber nur isolierte dissoziale Handlungen. Auf den familiären Rahmen beschränkte Störung des Sozialverhaltens Diese Verhaltensstörung umfasst dissoziales oder aggressives Verhalten (und nicht nur oppositionelles, aufsässiges oder trotziges Verhalten), das vollständig oder fast völlig auf den häuslichen Rahmen oder auf Interaktionen mit Mitgliedern der Kernfamilie oder der unmittelbaren Lebensgemeinschaft beschränkt ist. Für die Störung müssen die allgemeinen Kriterien für F91.- erfüllt sein. Schwer gestörte Eltern-Kind-Beziehungen sind für die Diagnose allein nicht ausreichend. Störung des Sozialverhaltens bei fehlenden sozialen Bindungen Diese Störung ist charakterisiert durch die Kombination von andauerndem dissozialen oder aggressiven Verhalten, das die allgemeinen Kriterien für F91.- erfüllt und nicht nur oppositionelles, aufsässiges und trotziges Verhalten umfasst, mit deutlichen und tief greifenden Abweichungen der Beziehungen des Betroffenen zu anderen Kindern. Nichtsozialisierte aggressive Störung Störung des Sozialverhaltens, nur aggressiver Typ Störung des Sozialverhaltens bei vorhandenen sozialen Bindungen Dieses Störung beinhaltet andauerndes dissoziales oder aggressives Verhalten, das die allgemeinen Kriterien für F91.- erfüllt und nicht nur oppositionelles, aufsässiges und trotziges Verhalten umfasst, und bei Kindern auftritt, die allgemein gut in ihrer Altersgruppe eingebunden sind. Gemeinsames Stehlen Gruppendelinquenz Schulschwänzen Störung des Sozialverhaltens in der Gruppe Vergehen im Rahmen einer Bandenmitgliedschaft Störung des Sozialverhaltens mit oppositionellem, aufsässigem Verhalten Diese Verhaltensstörung tritt gewöhnlich bei jüngeren Kindern auf und ist in erster Linie durch deutlich aufsässiges, ungehorsames Verhalten charakterisiert, ohne delinquente Handlungen oder schwere Formen aggressiven oder dissozialen Verhaltens. Für diese Störung müssen die allgemeinen Kriterien für F91.- erfüllt sein: deutlich übermütiges oder ungezogenes Verhalten allein reicht für die Diagnosenstellung nicht aus. Vorsicht beim Stellen dieser Diagnose ist vor allem bei älteren Kindern geboten, bei denen klinisch bedeutsame Störungen des Sozialverhaltens meist mit dissozialem oder aggressivem Verhalten einhergehen, das über Aufsässigkeit, Ungehorsam oder Trotz hinausgeht. Sonstige Störungen des Sozialverhaltens Störung des Sozialverhaltens, nicht näher bezeichnet Kindheit: Störung des Sozialverhaltens o.n.A. Kindheit: Verhaltensstörung o.n.A."
F92,"Kombinierte Störung des Sozialverhaltens und der Emotionen Diese Gruppe von Störungen ist durch die Kombination von anhaltendem aggressiven, dissozialen oder aufsässigen Verhalten charakterisiert mit offensichtlichen und eindeutigen Symptomen von Depression, Angst oder anderen emotionalen Störungen. Sowohl die Kriterien für Störungen des Sozialverhaltens im Kindesalter (F91.-) als auch für emotionale Störungen des Kindesalters (F93.-) bzw. für eine erwachsenentypische neurotische Störung (F40-F49) oder eine affektive Störung (F30-F39) müssen erfüllt sein. Störung des Sozialverhaltens mit depressiver Störung Diese Kategorie verlangt die Kombination einer Störung des Sozialverhaltens (F91.-) mit andauernder und deutlich depressiver Verstimmung (F32.-), die sich in auffälligem Leiden, Interessenverlust, mangelndem Vergnügen an alltäglichen Aktivitäten, Schulderleben und Hoffnungslosigkeit zeigt. Schlafstörungen und Appetitlosigkeit können gleichfalls vorhanden sein. Störung des Sozialverhaltens (F91.-) mit depressiver Störung (F32.-) Sonstige kombinierte Störung des Sozialverhaltens und der Emotionen Diese Kategorie verlangt die Kombination einer Störung des Sozialverhaltens (F91.-) mit andauernden und deutlichen emotionalen Symptomen wie Angst, Zwangsgedanken oder Zwangshandlungen, Depersonalisation oder Derealisation, Phobien oder Hypochondrie. Störungen des Sozialverhaltens (F91.-) mit: emotionaler Störung (F93.-) Störungen des Sozialverhaltens (F91.-) mit: neurotischer Störung (F40-F49) Kombinierte Störung des Sozialverhaltens und der Emotionen, nicht näher bezeichnet"
F93,"Emotionale Störungen des Kindesalters Diese stellen in erster Linie Verstärkungen normaler Entwicklungstrends dar und weniger eigenständige, qualitativ abnorme Phänomene. Die Entwicklungsbezogenheit ist das diagnostische Schlüsselmerkmal für die Unterscheidung der emotionalen Störungen mit Beginn in der Kindheit (F93.-) von den neurotischen Störungen (F40-F48). Emotionale Störung mit Trennungsangst des Kindesalters Eine Störung mit Trennungsangst soll nur dann diagnostiziert werden, wenn die Furcht vor Trennung den Kern der Angst darstellt und wenn eine solche Angst erstmals während der frühen Kindheit auftrat. Sie unterscheidet sich von normaler Trennungsangst durch eine unübliche Ausprägung, eine abnorme Dauer über die typische Altersstufe hinaus und durch deutliche Probleme in sozialen Funktionen. Phobische Störung des Kindesalters Es handelt sich um Befürchtungen in der Kindheit, die eine deutliche Spezifität für die entsprechenden Entwicklungsphasen aufweisen und in einem gewissen Ausmaß bei der Mehrzahl der Kinder auftreten, hier aber in einer besonderen Ausprägung. Andere in der Kindheit auftretende Befürchtungen, die nicht normaler Bestandteil der psychosozialen Entwicklung sind, wie z.B. die Agoraphobie sind unter der entsprechenden Kategorie in Abschnitt F40-F48 zu klassifizieren. Störung mit sozialer Ängstlichkeit des Kindesalters Bei dieser Störung besteht ein Misstrauen gegenüber Fremden und soziale Besorgnis oder Angst, in neuen, fremden oder sozial bedrohlichen Situationen. Diese Kategorie sollte nur verwendet werden, wenn solche Ängste in der frühen Kindheit auftreten und sie ungewöhnlich stark ausgeprägt sind und zu deutlichen Problemen in der sozialen Funktionsfähigkeit führen. Vermeidende Störung in der Kindheit und Jugend Emotionale Störung mit Geschwisterrivalität Die Mehrzahl junger Kinder zeigt gewöhnlich ein gewisses Ausmaß emotionaler Störungen nach der Geburt eines unmittelbar nachfolgenden jüngeren Geschwisters. Eine emotionale Störung mit Geschwisterrivalität soll nur dann diagnostiziert werden, wenn sowohl das Ausmaß als auch die Dauer der Störung übermäßig ausgeprägt sind und mit Störungen der sozialen Interaktionen einhergehen. Geschwistereifersucht Sonstige emotionale Störungen des Kindesalters Identitätsstörung Störung mit Überängstlichkeit Emotionale Störung des Kindesalters, nicht näher bezeichnet"
F94,"Störungen sozialer Funktionen mit Beginn in der Kindheit und Jugend Es handelt sich um eine etwas heterogene Gruppe von Störungen, mit Abweichungen in der sozialen Funktionsfähigkeit und Beginn in der Entwicklungszeit. Anders als die tief greifenden Entwicklungsstörungen sind sie jedoch nicht primär durch eine offensichtliche konstitutionelle soziale Beeinträchtigung oder Defizite in allen Bereichen sozialer Funktionen charakterisiert. In vielen Fällen spielen schwerwiegende Milieuschäden oder Deprivationen eine vermutlich entscheidende Rolle in der Ätiologie. Elektiver Mutismus Dieser ist durch eine deutliche, emotional bedingte Selektivität des Sprechens charakterisiert, so dass das Kind in einigen Situationen spricht, in anderen definierbaren Situationen jedoch nicht. Diese Störung ist üblicherweise mit besonderen Persönlichkeitsmerkmalen wie Sozialangst, Rückzug, Empfindsamkeit oder Widerstand verbunden. Selektiver Mutismus Reaktive Bindungsstörung des Kindesalters Diese tritt in den ersten fünf Lebensjahren auf und ist durch anhaltende Auffälligkeiten im sozialen Beziehungsmuster des Kindes charakterisiert. Diese sind von einer emotionalen Störung begleitet und reagieren auf Wechsel in den Milieuverhältnissen. Die Symptome bestehen aus Furchtsamkeit und Übervorsichtigkeit, eingeschränkten sozialen Interaktionen mit Gleichaltrigen, gegen sich selbst oder andere gerichteten Aggressionen, Unglücklichsein und in einigen Fällen Wachstumsverzögerung. Das Syndrom tritt wahrscheinlich als direkte Folge schwerer elterlicher Vernachlässigung, Missbrauch oder schwerer Misshandlung auf. Soll eine begleitende Gedeih- oder Wachstumsstörung angegeben werden, ist eine zusätzliche Schlüsselnummer zu benutzen. Bindungsstörung des Kindesalters mit Enthemmung Ein spezifisches abnormes soziales Funktionsmuster, das während der ersten fünf Lebensjahre auftritt mit einer Tendenz, trotz deutlicher Änderungen in den Milieubedingungen zu persistieren. Dieses kann z.B. in diffusem, nichtselektivem Bindungsverhalten bestehen, in aufmerksamkeitssuchendem und wahllos freundlichem Verhalten und kaum modulierten Interaktionen mit Gleichaltrigen; je nach Umständen kommen auch emotionale und Verhaltensstörungen vor. Gefühlsarme Psychopathie Hospitalismus Sonstige Störungen sozialer Funktionen mit Beginn in der Kindheit Störung sozialer Funktionen mit Beginn in der Kindheit, nicht näher bezeichnet"
F95,"Ticstörungen Syndrome, bei denen das vorwiegende Symptom ein Tic ist. Ein Tic ist eine unwillkürliche, rasche, wiederholte, nichtrhythmische Bewegung meist umschriebener Muskelgruppen oder eine Lautproduktion, die plötzlich einsetzt und keinem erkennbaren Zweck dient. Normalerweise werden Tics als nicht willkürlich beeinflussbar erlebt, sie können jedoch meist für unterschiedlich lange Zeiträume unterdrückt werden. Belastungen können sie verstärken, während des Schlafens verschwinden sie. Häufige einfache motorische Tics sind Blinzeln, Kopfwerfen, Schulterzucken und Grimassieren. Häufige einfache vokale Tics sind z.B. Räuspern, Bellen, Schnüffeln und Zischen. Komplexe Tics sind Sich-selbst-Schlagen sowie Springen und Hüpfen. Komplexe vokale Tics sind die Wiederholung bestimmter Wörter und manchmal der Gebrauch sozial unangebrachter, oft obszöner Wörter (Koprolalie) und die Wiederholung eigener Laute oder Wörter (Palilalie). Vorübergehende Ticstörung Sie erfüllt die allgemeinen Kriterien für eine Ticstörung, jedoch halten die Tics nicht länger als 12 Monate an. Die Tics sind häufig Blinzeln, Grimassieren oder Kopfschütteln. Chronische motorische oder vokale Ticstörung Sie erfüllt die allgemeinen Kriterien für eine Ticstörung, wobei motorische oder vokale Tics, jedoch nicht beide zugleich, einzeln, meist jedoch multipel, auftreten und länger als ein Jahr andauern. Kombinierte vokale und multiple motorische Tics [Tourette-Syndrom] Eine Form der Ticstörung, bei der gegenwärtig oder in der Vergangenheit multiple motorische Tics und ein oder mehrere vokale Tics vorgekommen sind, die aber nicht notwendigerweise gleichzeitig auftreten müssen. Die Störung verschlechtert sich meist während der Adoleszenz und neigt dazu, bis in das Erwachsenenalter anzuhalten. Die vokalen Tics sind häufig multipel mit explosiven repetitiven Vokalisationen, Räuspern und Grunzen und Gebrauch von obszönen Wörtern oder Phrasen. Manchmal besteht eine begleitende gestische Echopraxie, die ebenfalls obszöner Natur sein kann (Kopropraxie). Sonstige Ticstörungen Ticstörung, nicht näher bezeichnet Tic o.n.A."
F98,"Andere Verhaltens- und emotionale Störungen mit Beginn in der Kindheit und Jugend Dieser heterogenen Gruppe von Störungen ist der Beginn in der Kindheit gemeinsam, sonst unterscheiden sie sich jedoch in vieler Hinsicht. Einige der Störungen repräsentieren gut definierte Syndrome, andere sind jedoch nicht mehr als Symptomkomplexe, die hier aber wegen ihrer Häufigkeit und ihrer sozialen Folgen und weil sie anderen Syndromen nicht zugeordnet werden können, aufgeführt werden. Nichtorganische Enuresis Diese Störung ist charakterisiert durch unwillkürlichen Harnabgang am Tag und in der Nacht, untypisch für das Entwicklungsalter. Sie ist nicht Folge einer mangelnden Blasenkontrolle aufgrund einer neurologischen Krankheit, epileptischer Anfälle oder einer strukturellen Anomalie der ableitenden Harnwege. Die Enuresis kann von Geburt an bestehen oder nach einer Periode bereits erworbener Blasenkontrolle aufgetreten sein. Die Enuresis kann von einer schweren emotionalen oder Verhaltensstörung begleitet werden. Funktionelle Enuresis Nichtorganische primäre oder sekundäre Enuresis Nichtorganische Harninkontinenz Psychogene Enuresis Nichtorganische Enkopresis Wiederholtes willkürliches oder unwillkürliches Absetzen von Faeces normaler oder fast normaler Konsistenz an Stellen, die im soziokulturellen Umfeld des Betroffenen nicht dafür vorgesehen sind. Die Störung kann eine abnorme Verlängerung der normalen infantilen Inkontinenz darstellen oder einen Kontinenzverlust nach bereits vorhandener Darmkontrolle, oder es kann sich um ein absichtliches Absetzen von Stuhl an dafür nicht vorgesehenen Stellen trotz normaler physiologischer Darmkontrolle handeln. Das Zustandsbild kann als monosymptomatische Störung auftreten oder als Teil einer umfassenderen Störung, besonders einer emotionalen Störung (F93.-) oder einer Störung des Sozialverhaltens (F91.-). Funktionelle Enkopresis Nichtorganische Stuhlinkontinenz Psychogene Enkopresis Soll die Ursache einer eventuell gleichzeitig bestehenden Obstipation angegeben werden, ist eine zusätzliche Schlüsselnummer zu benutzen. Fütterstörung im frühen Kindesalter Eine Fütterstörung mit unterschiedlicher Symptomatik, die gewöhnlich für das Kleinkindalter und frühe Kindesalter spezifisch ist. Im Allgemeinen umfasst die Nahrungsverweigerung extrem wählerisches Essverhalten bei angemessenem Nahrungsangebot und einer einigermaßen kompetenten Betreuungsperson in Abwesenheit einer organischen Krankheit. Begleitend kann Rumination - d.h. wiederholtes Heraufwürgen von Nahrung ohne Übelkeit oder eine gastrointestinale Krankheit - vorhanden sein. Rumination im Kleinkindalter Pica im Kindesalter Anhaltender Verzehr nicht essbarer Substanzen wie Erde, Farbschnipsel usw.. Sie kann als eines von vielen Symptomen einer umfassenderen psychischen Störung wie Autismus auftreten oder sie kann als relativ isolierte psychopathologische Auffälligkeit vorkommen; nur das letztere wird hier kodiert. Das Phänomen ist bei intelligenzgeminderten Kindern am häufigsten. Wenn eine solche Intelligenzminderung vorliegt, ist als Hauptdiagnose eine Kodierung unter F70-F79 zu verwenden. Stereotype Bewegungsstörungen Willkürliche, wiederholte, stereotype, nicht funktionale und oft rhythmische Bewegungen, die nicht Teil einer anderen psychischen oder neurologischen Krankheit sind. Wenn solche Bewegungen als Symptome einer anderen Störung vorkommen, soll nur die übergreifende Störung kodiert werden. Nichtselbstbeschädigende Bewegungen sind z.B.: Körperschaukeln, Kopfschaukeln, Haarezupfen, Haaredrehen, Fingerschnipsgewohnheiten und Händeschütteln. Stereotype Selbstbeschädigungen sind z.B.: Wiederholtes Kopfanschlagen, Ins-Gesicht-Schlagen, In-die-Augen-Bohren und Beißen in Hände, Lippen oder andere Körperpartien. Alle stereotypen Bewegungsstörungen treten am häufigsten in Verbindung mit Intelligenzminderung auf; wenn dies der Fall ist, sind beide Störungen zu kodieren. Wenn das Bohren in den Augen bei einem Kind mit visueller Behinderung auftritt, soll beides kodiert werden: das Bohren in den Augen mit F98.4- und die Sehstörung mit der Kodierung der entsprechenden somatischen Störung. Stereotypie/abnorme Gewohnheit Stottern [Stammeln] Hierbei ist das Sprechen durch häufige Wiederholung oder Dehnung von Lauten, Silben oder Wörtern, oder durch häufiges Zögern und Innehalten, das den rhythmischen Sprechfluss unterbricht, gekennzeichnet. Es soll als Störung nur klassifiziert werden, wenn die Sprechflüssigkeit deutlich beeinträchtigt ist. Poltern Eine hohe Sprechgeschwindigkeit mit Störung der Sprechflüssigkeit, jedoch ohne Wiederholungen oder Zögern, von einem Schweregrad, der zu einer beeinträchtigten Sprechverständlichkeit führt. Das Sprechen ist unregelmäßig und unrhythmisch, mit schnellen, ruckartigen Anläufen, die gewöhnlich zu einem fehlerhaften Satzmuster führen. Sonstige näher bezeichnete Verhaltens- und emotionale Störungen mit Beginn in der Kindheit und Jugend Nicht näher bezeichnete Verhaltens- oder emotionale Störungen mit Beginn in der Kindheit und Jugend"
F99,Psychische Störung ohne nähere Angabe Psychische Krankheit o.n.A.
